partner,liczba,wyplacone,kwota_rekompensaty_oryginalna,roznica,procent
tui,22,600.00,3000.00,2400,400
,1155,600.00,3000.00,2400,400
,1155,300.00,2400.00,2100,700
,1155,400.00,2000.00,1600,400
kiribati,13,600.00,1800.00,1200,200
,1155,600.00,1800.00,1200,200
,1155,600.00,1800.00,1200,200
,1155,1200.00,2400.00,1200,100
,1155,600.00,1800.00,1200,200
,1155,750.00,1800.00,1050,140
tui,22,300.00,1200.00,900,300
tui,22,100.00,1000.00,900,900
,1155,1200.00,2000.00,800,66.6666666666666667
,1155,1200.00,2000.00,800,66.6666666666666667
,1155,1500.00,2250.00,750,50
,1155,455.00,1200.00,745,163.7362637362637363
,1155,478.00,1200.00,722,151.0460251046025105
,1155,500.00,1200.00,700,140
,1155,500.00,1200.00,700,140
,1155,500.00,1200.00,700,140
,1155,100.00,750.00,650,650
,1155,600.00,1200.00,600,100
,1155,600.00,1200.00,600,100
,1155,600.00,1200.00,600,100
,1155,600.00,1200.00,600,100
kiribati,13,600.00,1200.00,600,100
,1155,600.00,1200.00,600,100
,1155,300.00,900.00,600,200
,1155,200.00,800.00,600,300
kiribati,13,600.00,1200.00,600,100
,1155,2400.00,3000.00,600,25
,1155,600.00,1200.00,600,100
,1155,1800.00,2400.00,600,33.3333333333333333
,1155,600.00,1200.00,600,100
,1155,3000.00,3600.00,600,20
kiribati,13,600.00,1200.00,600,100
,1155,600.00,1200.00,600,100
,1155,600.00,1200.00,600,100
kiribati,13,600.00,1200.00,600,100
kiribati,13,600.00,1200.00,600,100
,1155,600.00,1200.00,600,100
,1155,600.00,1200.00,600,100
,1155,200.00,750.00,550,275
,1155,200.00,750.00,550,275
,1155,700.00,1200.00,500,71.4285714285714286
,1155,250.00,750.00,500,200
kiribati,13,100.00,600.00,500,500
,1155,700.00,1200.00,500,71.4285714285714286
,1155,250.00,750.00,500,200
,1155,1.00,500.00,499,49900
,1155,260.00,750.00,490,188.4615384615384615
,1155,745.00,1200.00,455,61.0738255033557047
,1155,300.00,750.00,450,150
,1155,150.00,600.00,450,300
,1155,750.00,1200.00,450,60
,1155,356.00,800.00,444,124.7191011235955056
,1155,400.00,800.00,400,100
,1155,100.00,500.00,400,400
kiribati,13,200.00,600.00,400,200
,1155,200.00,600.00,400,200
,1155,200.00,600.00,400,200
,1155,200.00,600.00,400,200
,1155,200.00,600.00,400,200
,1155,400.00,800.00,400,100
,1155,200.00,600.00,400,200
,1155,200.00,600.00,400,200
,1155,200.00,600.00,400,200
,1155,400.00,800.00,400,100
tui,22,200.00,600.00,400,200
,1155,200.00,600.00,400,200
,1155,200.00,600.00,400,200
,1155,400.00,800.00,400,100
,1155,400.00,800.00,400,100
kiribati,13,200.00,600.00,400,200
,1155,200.00,600.00,400,200
,1155,200.00,600.00,400,200
tui,22,400.00,800.00,400,100
,1155,400.00,800.00,400,100
kiribati,13,200.00,600.00,400,200
,1155,1200.00,1600.00,400,33.3333333333333333
,1155,210.00,600.00,390,185.7142857142857143
,1155,222.20,600.00,377.8,170.027002700270027
,1155,230.00,600.00,370,160.8695652173913043
,1155,136.00,500.00,364,267.6470588235294118
,1155,150.00,500.00,350,233.3333333333333333
,1155,250.00,600.00,350,140
,1155,250.00,600.00,350,140
,1155,250.00,600.00,350,140
,1155,250.00,600.00,350,140
,1155,250.00,600.00,350,140
,1155,250.00,600.00,350,140
,1155,256.00,600.00,344,134.375
,1155,160.00,500.00,340,212.5
,1155,50.00,375.00,325,650
,1155,300.00,600.00,300,100
,1155,300.00,600.00,300,100
,1155,200.00,500.00,300,150
,1155,300.00,600.00,300,100
,1155,450.00,750.00,300,66.6666666666666667
,1155,100.00,400.00,300,300
,1155,300.00,600.00,300,100
,1155,300.00,600.00,300,100
,1155,200.00,500.00,300,150
,1155,300.00,600.00,300,100
,1155,300.00,600.00,300,100
,1155,300.00,600.00,300,100
,1155,300.00,600.00,300,100
,1155,300.00,600.00,300,100
,1155,300.00,600.00,300,100
,1155,900.00,1200.00,300,33.3333333333333333
,1155,300.00,600.00,300,100
,1155,200.00,500.00,300,150
,1155,300.00,600.00,300,100
,1155,300.00,600.00,300,100
,1155,300.00,600.00,300,100
,1155,300.00,600.00,300,100
,1155,300.00,600.00,300,100
,1155,300.00,600.00,300,100
,1155,300.00,600.00,300,100
,1155,300.00,600.00,300,100
,1155,300.25,600.00,299.75,99.8334721065778518
,1155,1.00,300.00,299,29900
,1155,230.00,500.00,270,117.391304347826087
,1155,245.28,500.00,254.72,103.8486627527723418
,1155,250.00,500.00,250,100
,1155,250.00,500.00,250,100
,1155,250.00,500.00,250,100
,1155,250.00,500.00,250,100
,1155,250.00,500.00,250,100
,1155,250.00,500.00,250,100
,1155,250.00,500.00,250,100
,1155,250.00,500.00,250,100
,1155,250.00,500.00,250,100
,1155,250.00,500.00,250,100
,1155,250.00,500.00,250,100
,1155,250.00,500.00,250,100
,1155,250.00,500.00,250,100
,1155,250.00,500.00,250,100
,1155,250.00,500.00,250,100
,1155,250.00,500.00,250,100
,1155,250.00,500.00,250,100
tui,22,250.00,500.00,250,100
,1155,250.00,500.00,250,100
,1155,250.00,500.00,250,100
,1155,500.00,750.00,250,50
,1155,250.00,500.00,250,100
,1155,250.00,500.00,250,100
,1155,250.00,500.00,250,100
tui,22,250.00,500.00,250,100
,1155,20.00,270.00,250,1250
tui,22,250.00,500.00,250,100
,1155,250.00,500.00,250,100
,1155,250.00,500.00,250,100
,1155,750.00,1000.00,250,33.3333333333333333
,1155,750.00,1000.00,250,33.3333333333333333
,1155,250.00,500.00,250,100
,1155,250.00,500.00,250,100
,1155,250.00,500.00,250,100
,1155,250.00,500.00,250,100
,1155,350.00,600.00,250,71.4285714285714286
,1155,250.00,500.00,250,100
,1155,250.00,500.00,250,100
,1155,250.00,500.00,250,100
,1155,250.00,500.00,250,100
,1155,250.00,500.00,250,100
,1155,250.00,500.00,250,100
,1155,250.00,500.00,250,100
,1155,250.00,500.00,250,100
,1155,250.00,500.00,250,100
,1155,250.00,500.00,250,100
,1155,250.00,500.00,250,100
,1155,250.00,500.00,250,100
,1155,250.00,500.00,250,100
,1155,250.00,500.00,250,100
,1155,250.00,500.00,250,100
,1155,250.00,500.00,250,100
,1155,250.00,500.00,250,100
,1155,250.00,500.00,250,100
,1155,250.00,500.00,250,100
,1155,250.00,500.00,250,100
,1155,250.00,500.00,250,100
,1155,250.00,500.00,250,100
,1155,250.00,500.00,250,100
,1155,250.00,500.00,250,100
,1155,250.00,500.00,250,100
,1155,250.00,500.00,250,100
,1155,250.00,500.00,250,100
,1155,250.00,500.00,250,100
,1155,250.00,500.00,250,100
,1155,250.00,500.00,250,100
,1155,250.00,500.00,250,100
,1155,250.00,500.00,250,100
,1155,250.00,500.00,250,100
,1155,250.00,500.00,250,100
,1155,250.00,500.00,250,100
,1155,250.00,500.00,250,100
,1155,250.00,500.00,250,100
,1155,250.00,500.00,250,100
,1155,250.00,500.00,250,100
,1155,250.00,500.00,250,100
,1155,250.00,500.00,250,100
,1155,250.00,500.00,250,100
,1155,250.00,500.00,250,100
,1155,250.00,500.00,250,100
,1155,250.00,500.00,250,100
,1155,250.00,500.00,250,100
,1155,250.00,500.00,250,100
,1155,250.00,500.00,250,100
,1155,250.00,500.00,250,100
,1155,250.00,500.00,250,100
,1155,250.00,500.00,250,100
,1155,250.00,500.00,250,100
,1155,250.00,500.00,250,100
,1155,250.00,500.00,250,100
,1155,250.00,500.00,250,100
,1155,250.00,500.00,250,100
,1155,250.00,500.00,250,100
,1155,250.00,500.00,250,100
,1155,250.00,500.00,250,100
,1155,250.00,500.00,250,100
,1155,250.00,500.00,250,100
,1155,250.00,500.00,250,100
,1155,250.00,500.00,250,100
,1155,250.00,500.00,250,100
,1155,250.00,500.00,250,100
,1155,250.00,500.00,250,100
,1155,250.00,500.00,250,100
,1155,250.00,500.00,250,100
,1155,250.00,500.00,250,100
,1155,250.00,500.00,250,100
,1155,250.00,500.00,250,100
,1155,250.00,500.00,250,100
,1155,250.00,500.00,250,100
,1155,250.00,500.00,250,100
,1155,250.00,500.00,250,100
,1155,250.00,500.00,250,100
,1155,250.00,500.00,250,100
,1155,250.00,500.00,250,100
,1155,250.00,500.00,250,100
,1155,250.00,500.00,250,100
,1155,250.00,500.00,250,100
,1155,250.00,500.00,250,100
,1155,250.00,500.00,250,100
,1155,250.00,500.00,250,100
,1155,250.00,500.00,250,100
,1155,250.00,500.00,250,100
,1155,250.00,500.00,250,100
,1155,250.00,500.00,250,100
,1155,250.00,500.00,250,100
,1155,250.00,500.00,250,100
,1155,250.00,500.00,250,100
,1155,250.00,500.00,250,100
,1155,250.00,500.00,250,100
,1155,250.00,500.00,250,100
,1155,250.00,500.00,250,100
,1155,250.00,500.00,250,100
,1155,250.00,500.00,250,100
,1155,250.00,500.00,250,100
,1155,250.00,500.00,250,100
,1155,250.00,500.00,250,100
,1155,250.00,500.00,250,100
,1155,250.00,500.00,250,100
,1155,250.00,500.00,250,100
,1155,250.00,500.00,250,100
,1155,250.00,500.00,250,100
,1155,250.00,500.00,250,100
,1155,250.00,500.00,250,100
,1155,250.00,500.00,250,100
,1155,250.00,500.00,250,100
,1155,250.00,500.00,250,100
,1155,250.00,500.00,250,100
,1155,250.00,500.00,250,100
,1155,250.00,500.00,250,100
,1155,250.00,500.00,250,100
,1155,250.00,500.00,250,100
,1155,250.00,500.00,250,100
,1155,250.00,500.00,250,100
,1155,250.00,500.00,250,100
,1155,250.00,500.00,250,100
,1155,250.00,500.00,250,100
,1155,250.00,500.00,250,100
,1155,250.00,500.00,250,100
,1155,250.00,500.00,250,100
,1155,250.00,500.00,250,100
,1155,250.00,500.00,250,100
,1155,250.00,500.00,250,100
,1155,250.00,500.00,250,100
,1155,250.00,500.00,250,100
,1155,250.00,500.00,250,100
,1155,250.00,500.00,250,100
,1155,250.00,500.00,250,100
,1155,250.00,500.00,250,100
,1155,250.00,500.00,250,100
,1155,250.00,500.00,250,100
,1155,250.00,500.00,250,100
,1155,250.00,500.00,250,100
tui,22,250.00,500.00,250,100
tui,22,250.00,500.00,250,100
,1155,250.00,500.00,250,100
,1155,250.00,500.00,250,100
,1155,250.00,500.00,250,100
,1155,250.00,500.00,250,100
,1155,250.00,500.00,250,100
,1155,250.00,500.00,250,100
,1155,250.00,500.00,250,100
,1155,250.00,500.00,250,100
,1155,250.00,500.00,250,100
,1155,250.00,500.00,250,100
,1155,250.00,500.00,250,100
,1155,250.00,500.00,250,100
,1155,250.00,500.00,250,100
,1155,250.00,500.00,250,100
,1155,250.00,500.00,250,100
,1155,250.00,500.00,250,100
,1155,250.00,500.00,250,100
,1155,250.00,500.00,250,100
,1155,250.00,500.00,250,100
,1155,250.00,500.00,250,100
,1155,250.00,500.00,250,100
,1155,250.00,500.00,250,100
,1155,250.00,500.00,250,100
,1155,250.00,500.00,250,100
,1155,250.00,500.00,250,100
,1155,250.00,500.00,250,100
,1155,250.00,500.00,250,100
,1155,250.00,500.00,250,100
,1155,250.00,500.00,250,100
,1155,250.00,500.00,250,100
,1155,250.00,500.00,250,100
,1155,250.00,500.00,250,100
,1155,250.00,500.00,250,100
,1155,250.00,500.00,250,100
,1155,250.00,500.00,250,100
,1155,250.00,500.00,250,100
,1155,250.00,500.00,250,100
,1155,250.00,500.00,250,100
,1155,250.00,500.00,250,100
,1155,250.00,500.00,250,100
,1155,250.00,500.00,250,100
,1155,250.00,500.00,250,100
,1155,250.00,500.00,250,100
,1155,250.00,500.00,250,100
,1155,250.00,500.00,250,100
,1155,250.00,500.00,250,100
,1155,250.00,500.00,250,100
,1155,250.00,500.00,250,100
,1155,250.00,500.00,250,100
,1155,250.00,500.00,250,100
,1155,250.00,500.00,250,100
,1155,250.00,500.00,250,100
,1155,250.00,500.00,250,100
,1155,250.00,500.00,250,100
,1155,250.00,500.00,250,100
,1155,250.00,500.00,250,100
,1155,250.00,500.00,250,100
,1155,250.00,500.00,250,100
,1155,250.00,500.00,250,100
,1155,250.00,500.00,250,100
,1155,250.00,500.00,250,100
,1155,250.00,500.00,250,100
,1155,250.00,500.00,250,100
,1155,350.00,600.00,250,71.4285714285714286
,1155,250.00,500.00,250,100
,1155,250.00,500.00,250,100
,1155,250.00,500.00,250,100
,1155,250.00,500.00,250,100
,1155,250.00,500.00,250,100
,1155,250.00,500.00,250,100
,1155,250.00,500.00,250,100
,1155,250.00,500.00,250,100
,1155,250.00,500.00,250,100
,1155,250.00,500.00,250,100
,1155,250.00,500.00,250,100
,1155,250.00,500.00,250,100
,1155,250.00,500.00,250,100
,1155,250.00,500.00,250,100
,1155,250.00,500.00,250,100
,1155,250.00,500.00,250,100
,1155,250.00,500.00,250,100
,1155,250.00,500.00,250,100
,1155,250.00,500.00,250,100
,1155,250.00,500.00,250,100
,1155,250.00,500.00,250,100
,1155,250.00,500.00,250,100
,1155,250.00,500.00,250,100
,1155,250.00,500.00,250,100
,1155,250.00,500.00,250,100
,1155,250.00,500.00,250,100
,1155,250.00,500.00,250,100
,1155,250.00,500.00,250,100
,1155,250.00,500.00,250,100
,1155,250.00,500.00,250,100
,1155,250.00,500.00,250,100
,1155,250.00,500.00,250,100
,1155,250.00,500.00,250,100
,1155,250.00,500.00,250,100
,1155,250.00,500.00,250,100
,1155,250.00,500.00,250,100
,1155,250.00,500.00,250,100
,1155,250.00,500.00,250,100
,1155,250.00,500.00,250,100
,1155,250.00,500.00,250,100
,1155,250.00,500.00,250,100
,1155,350.25,600.00,249.75,71.3062098501070664
,1155,1.00,250.00,249,24900
,1155,10.00,250.00,240,2400
,1155,370.00,600.00,230,62.1621621621621622
,1155,300.00,500.00,200,66.6666666666666667
,1155,400.00,600.00,200,50
,1155,600.00,800.00,200,33.3333333333333333
tui,22,200.00,400.00,200,100
,1155,100.00,300.00,200,200
,1155,400.00,600.00,200,50
kiribati,13,400.00,600.00,200,50
,1155,50.00,250.00,200,400
,1155,400.00,600.00,200,50
,1155,50.00,250.00,200,400
,1155,400.00,600.00,200,50
,1155,50.00,250.00,200,400
tui,22,200.00,400.00,200,100
kiribati,13,200.00,400.00,200,100
,1155,400.00,600.00,200,50
,1155,400.00,600.00,200,50
,1155,600.00,800.00,200,33.3333333333333333
,1155,1000.00,1200.00,200,20
tui,22,209.50,400.00,190.5,90.9307875894988067
,1155,120.00,300.00,180,150
,1155,75.00,250.00,175,233.3333333333333333
,1155,125.00,300.00,175,140
,1155,75.00,250.00,175,233.3333333333333333
,1155,90.00,250.00,160,177.7777777777777778
,1155,350.00,500.00,150,42.8571428571428571
,1155,100.00,250.00,150,150
,1155,100.00,250.00,150,150
,1155,100.00,250.00,150,150
,1155,100.00,250.00,150,150
,1155,450.00,600.00,150,33.3333333333333333
,1155,100.00,250.00,150,150
,1155,100.00,250.00,150,150
,1155,100.00,250.00,150,150
,1155,100.00,250.00,150,150
,1155,100.00,250.00,150,150
tui,22,250.00,400.00,150,60
,1155,100.00,250.00,150,150
,1155,100.00,250.00,150,150
,1155,50.00,200.00,150,300
,1155,100.00,250.00,150,150
,1155,250.00,400.00,150,60
,1155,100.00,250.00,150,150
,1155,150.00,300.00,150,100
,1155,100.00,250.00,150,150
,1155,250.00,400.00,150,60
,1155,100.00,250.00,150,150
,1155,100.00,250.00,150,150
,1155,100.00,250.00,150,150
,1155,455.50,600.00,144.5,31.7233809001097695
,1155,110.00,250.00,140,127.2727272727272727
,1155,111.00,250.00,139,125.2252252252252252
,1155,124.00,250.00,126,101.6129032258064516
,1155,124.00,250.00,126,101.6129032258064516
,1155,125.00,250.00,125,100
,1155,125.00,250.00,125,100
,1155,125.00,250.00,125,100
,1155,125.00,250.00,125,100
,1155,125.00,250.00,125,100
,1155,125.00,250.00,125,100
,1155,125.00,250.00,125,100
,1155,125.00,250.00,125,100
,1155,125.00,250.00,125,100
,1155,125.00,250.00,125,100
,1155,125.00,250.00,125,100
,1155,125.00,250.00,125,100
,1155,125.00,250.00,125,100
,1155,125.00,250.00,125,100
,1155,125.00,250.00,125,100
,1155,125.00,250.00,125,100
,1155,125.00,250.00,125,100
,1155,125.00,250.00,125,100
,1155,125.00,250.00,125,100
,1155,125.00,250.00,125,100
,1155,125.00,250.00,125,100
,1155,125.00,250.00,125,100
,1155,125.00,250.00,125,100
,1155,125.00,250.00,125,100
,1155,125.00,250.00,125,100
,1155,125.00,250.00,125,100
,1155,125.00,250.00,125,100
,1155,125.00,250.00,125,100
,1155,125.00,250.00,125,100
,1155,125.00,250.00,125,100
,1155,125.00,250.00,125,100
,1155,125.00,250.00,125,100
,1155,125.00,250.00,125,100
,1155,125.00,250.00,125,100
,1155,125.00,250.00,125,100
,1155,125.00,250.00,125,100
,1155,125.00,250.00,125,100
,1155,125.00,250.00,125,100
,1155,125.00,250.00,125,100
,1155,125.00,250.00,125,100
,1155,125.00,250.00,125,100
,1155,125.00,250.00,125,100
,1155,125.00,250.00,125,100
,1155,125.00,250.00,125,100
,1155,125.00,250.00,125,100
,1155,125.00,250.00,125,100
,1155,125.00,250.00,125,100
,1155,125.00,250.00,125,100
,1155,125.00,250.00,125,100
,1155,125.00,250.00,125,100
,1155,125.00,250.00,125,100
,1155,125.00,250.00,125,100
,1155,125.00,250.00,125,100
,1155,125.00,250.00,125,100
tui,22,125.00,250.00,125,100
,1155,125.00,250.00,125,100
,1155,125.00,250.00,125,100
,1155,125.00,250.00,125,100
,1155,125.00,250.00,125,100
,1155,125.00,250.00,125,100
,1155,125.00,250.00,125,100
,1155,125.00,250.00,125,100
,1155,125.00,250.00,125,100
,1155,125.00,250.00,125,100
,1155,125.00,250.00,125,100
,1155,125.00,250.00,125,100
,1155,125.00,250.00,125,100
,1155,125.00,250.00,125,100
,1155,125.00,250.00,125,100
,1155,125.00,250.00,125,100
,1155,125.00,250.00,125,100
,1155,125.00,250.00,125,100
,1155,125.00,250.00,125,100
,1155,125.00,250.00,125,100
,1155,125.00,250.00,125,100
,1155,125.00,250.00,125,100
,1155,125.00,250.00,125,100
,1155,125.00,250.00,125,100
,1155,125.00,250.00,125,100
,1155,125.00,250.00,125,100
,1155,125.00,250.00,125,100
,1155,125.00,250.00,125,100
,1155,125.00,250.00,125,100
,1155,125.00,250.00,125,100
,1155,125.00,250.00,125,100
,1155,125.00,250.00,125,100
,1155,125.00,250.00,125,100
,1155,125.00,250.00,125,100
,1155,125.00,250.00,125,100
,1155,125.00,250.00,125,100
,1155,125.00,250.00,125,100
,1155,125.00,250.00,125,100
,1155,125.00,250.00,125,100
,1155,125.00,250.00,125,100
,1155,125.00,250.00,125,100
,1155,125.00,250.00,125,100
,1155,125.00,250.00,125,100
,1155,125.00,250.00,125,100
,1155,125.00,250.00,125,100
,1155,125.00,250.00,125,100
,1155,125.00,250.00,125,100
,1155,125.00,250.00,125,100
,1155,125.00,250.00,125,100
,1155,125.00,250.00,125,100
,1155,125.00,250.00,125,100
,1155,125.00,250.00,125,100
,1155,125.00,250.00,125,100
,1155,125.00,250.00,125,100
,1155,125.00,250.00,125,100
,1155,125.00,250.00,125,100
,1155,125.00,250.00,125,100
,1155,125.00,250.00,125,100
,1155,125.00,250.00,125,100
,1155,125.00,250.00,125,100
,1155,125.00,250.00,125,100
,1155,125.00,250.00,125,100
,1155,125.00,250.00,125,100
,1155,125.00,250.00,125,100
,1155,125.00,250.00,125,100
,1155,125.00,250.00,125,100
,1155,125.00,250.00,125,100
,1155,125.00,250.00,125,100
,1155,125.00,250.00,125,100
,1155,125.00,250.00,125,100
,1155,125.00,250.00,125,100
,1155,125.00,250.00,125,100
,1155,125.00,250.00,125,100
,1155,125.00,250.00,125,100
,1155,125.00,250.00,125,100
,1155,125.00,250.00,125,100
,1155,125.00,250.00,125,100
,1155,125.00,250.00,125,100
,1155,125.00,250.00,125,100
,1155,125.00,250.00,125,100
,1155,125.00,250.00,125,100
,1155,125.00,250.00,125,100
,1155,125.00,250.00,125,100
,1155,125.00,250.00,125,100
,1155,125.00,250.00,125,100
,1155,125.00,250.00,125,100
,1155,125.00,250.00,125,100
,1155,125.00,250.00,125,100
,1155,125.00,250.00,125,100
,1155,125.00,250.00,125,100
,1155,125.00,250.00,125,100
,1155,125.00,250.00,125,100
,1155,125.00,250.00,125,100
,1155,125.00,250.00,125,100
,1155,125.00,250.00,125,100
,1155,125.00,250.00,125,100
,1155,125.00,250.00,125,100
,1155,125.00,250.00,125,100
,1155,125.00,250.00,125,100
,1155,125.00,250.00,125,100
,1155,125.00,250.00,125,100
,1155,125.00,250.00,125,100
,1155,125.00,250.00,125,100
,1155,125.00,250.00,125,100
,1155,125.00,250.00,125,100
,1155,125.00,250.00,125,100
,1155,125.00,250.00,125,100
,1155,125.00,250.00,125,100
,1155,125.00,250.00,125,100
,1155,125.00,250.00,125,100
,1155,125.00,250.00,125,100
,1155,125.00,250.00,125,100
,1155,125.00,250.00,125,100
,1155,125.00,250.00,125,100
,1155,125.00,250.00,125,100
,1155,125.00,250.00,125,100
,1155,125.00,250.00,125,100
,1155,125.00,250.00,125,100
,1155,125.00,250.00,125,100
,1155,125.00,250.00,125,100
,1155,125.00,250.00,125,100
,1155,125.00,250.00,125,100
,1155,125.00,250.00,125,100
,1155,125.00,250.00,125,100
,1155,125.00,250.00,125,100
,1155,125.00,250.00,125,100
,1155,125.00,250.00,125,100
,1155,125.00,250.00,125,100
,1155,125.00,250.00,125,100
,1155,125.00,250.00,125,100
,1155,125.00,250.00,125,100
,1155,125.00,250.00,125,100
,1155,125.00,250.00,125,100
,1155,125.00,250.00,125,100
,1155,125.00,250.00,125,100
,1155,125.00,250.00,125,100
,1155,125.00,250.00,125,100
,1155,125.00,250.00,125,100
,1155,125.00,250.00,125,100
,1155,125.00,250.00,125,100
,1155,125.00,250.00,125,100
,1155,125.00,250.00,125,100
,1155,125.00,250.00,125,100
,1155,125.00,250.00,125,100
,1155,125.00,250.00,125,100
,1155,125.00,250.00,125,100
,1155,125.00,250.00,125,100
,1155,125.00,250.00,125,100
,1155,125.00,250.00,125,100
,1155,125.00,250.00,125,100
,1155,125.00,250.00,125,100
,1155,125.00,250.00,125,100
,1155,125.00,250.00,125,100
,1155,125.00,250.00,125,100
,1155,125.00,250.00,125,100
,1155,125.00,250.00,125,100
,1155,125.00,250.00,125,100
,1155,125.00,250.00,125,100
,1155,125.00,250.00,125,100
,1155,125.00,250.00,125,100
,1155,125.00,250.00,125,100
,1155,125.00,250.00,125,100
,1155,125.00,250.00,125,100
,1155,125.00,250.00,125,100
,1155,125.00,250.00,125,100
,1155,125.00,250.00,125,100
,1155,125.00,250.00,125,100
,1155,125.00,250.00,125,100
,1155,125.00,250.00,125,100
,1155,125.00,250.00,125,100
,1155,125.00,250.00,125,100
,1155,125.00,250.00,125,100
,1155,125.00,250.00,125,100
,1155,125.00,250.00,125,100
,1155,125.00,250.00,125,100
,1155,125.00,250.00,125,100
,1155,125.00,250.00,125,100
,1155,125.00,250.00,125,100
,1155,125.00,250.00,125,100
,1155,125.00,250.00,125,100
,1155,125.00,250.00,125,100
,1155,125.00,250.00,125,100
,1155,125.00,250.00,125,100
,1155,125.00,250.00,125,100
,1155,125.00,250.00,125,100
,1155,125.00,250.00,125,100
,1155,125.00,250.00,125,100
,1155,125.00,250.00,125,100
,1155,125.00,250.00,125,100
,1155,125.00,250.00,125,100
,1155,125.00,250.00,125,100
,1155,125.00,250.00,125,100
,1155,125.00,250.00,125,100
,1155,125.00,250.00,125,100
,1155,125.00,250.00,125,100
,1155,125.00,250.00,125,100
,1155,125.00,250.00,125,100
,1155,125.00,250.00,125,100
,1155,125.00,250.00,125,100
,1155,125.00,250.00,125,100
,1155,125.00,250.00,125,100
,1155,125.00,250.00,125,100
,1155,125.00,250.00,125,100
,1155,125.00,250.00,125,100
,1155,125.00,250.00,125,100
,1155,125.00,250.00,125,100
,1155,125.00,250.00,125,100
,1155,125.00,250.00,125,100
,1155,125.00,250.00,125,100
,1155,125.00,250.00,125,100
,1155,125.00,250.00,125,100
,1155,125.00,250.00,125,100
,1155,125.00,250.00,125,100
,1155,125.00,250.00,125,100
,1155,125.00,250.00,125,100
,1155,125.00,250.00,125,100
,1155,125.00,250.00,125,100
,1155,125.00,250.00,125,100
,1155,125.00,250.00,125,100
,1155,125.00,250.00,125,100
,1155,125.00,250.00,125,100
,1155,125.00,250.00,125,100
,1155,125.00,250.00,125,100
,1155,125.00,250.00,125,100
,1155,125.00,250.00,125,100
,1155,125.00,250.00,125,100
,1155,125.00,250.00,125,100
,1155,125.00,250.00,125,100
,1155,125.00,250.00,125,100
,1155,125.00,250.00,125,100
,1155,125.00,250.00,125,100
,1155,125.00,250.00,125,100
,1155,125.00,250.00,125,100
,1155,125.00,250.00,125,100
,1155,125.00,250.00,125,100
,1155,125.00,250.00,125,100
,1155,125.00,250.00,125,100
,1155,125.00,250.00,125,100
,1155,125.00,250.00,125,100
,1155,125.00,250.00,125,100
,1155,125.00,250.00,125,100
,1155,125.00,250.00,125,100
,1155,125.00,250.00,125,100
,1155,125.00,250.00,125,100
,1155,125.00,250.00,125,100
,1155,125.00,250.00,125,100
,1155,125.00,250.00,125,100
,1155,125.00,250.00,125,100
,1155,125.00,250.00,125,100
,1155,125.00,250.00,125,100
,1155,125.00,250.00,125,100
,1155,125.00,250.00,125,100
,1155,125.00,250.00,125,100
,1155,125.00,250.00,125,100
,1155,125.00,250.00,125,100
,1155,125.00,250.00,125,100
,1155,125.00,250.00,125,100
,1155,125.00,250.00,125,100
,1155,125.00,250.00,125,100
,1155,125.00,250.00,125,100
,1155,125.00,250.00,125,100
,1155,125.00,250.00,125,100
,1155,125.00,250.00,125,100
,1155,125.00,250.00,125,100
,1155,125.00,250.00,125,100
,1155,125.00,250.00,125,100
,1155,125.00,250.00,125,100
,1155,125.00,250.00,125,100
,1155,125.00,250.00,125,100
,1155,125.00,250.00,125,100
,1155,125.00,250.00,125,100
,1155,125.00,250.00,125,100
,1155,125.00,250.00,125,100
,1155,125.00,250.00,125,100
,1155,125.00,250.00,125,100
,1155,125.00,250.00,125,100
,1155,125.00,250.00,125,100
,1155,125.00,250.00,125,100
,1155,125.00,250.00,125,100
,1155,125.00,250.00,125,100
,1155,125.00,250.00,125,100
,1155,125.00,250.00,125,100
,1155,125.00,250.00,125,100
,1155,125.00,250.00,125,100
,1155,125.00,250.00,125,100
,1155,125.00,250.00,125,100
,1155,125.00,250.00,125,100
,1155,125.00,250.00,125,100
,1155,125.00,250.00,125,100
,1155,125.00,250.00,125,100
,1155,125.00,250.00,125,100
,1155,125.00,250.00,125,100
,1155,125.00,250.00,125,100
,1155,125.00,250.00,125,100
,1155,125.00,250.00,125,100
,1155,125.00,250.00,125,100
,1155,125.00,250.00,125,100
,1155,125.00,250.00,125,100
,1155,125.00,250.00,125,100
,1155,125.00,250.00,125,100
,1155,125.00,250.00,125,100
,1155,125.00,250.00,125,100
,1155,125.00,250.00,125,100
,1155,125.00,250.00,125,100
,1155,125.00,250.00,125,100
,1155,125.00,250.00,125,100
,1155,125.00,250.00,125,100
,1155,125.00,250.00,125,100
,1155,125.00,250.00,125,100
,1155,125.00,250.00,125,100
,1155,125.00,250.00,125,100
,1155,125.00,250.00,125,100
,1155,125.00,250.00,125,100
,1155,125.00,250.00,125,100
,1155,125.00,250.00,125,100
,1155,125.00,250.00,125,100
,1155,125.00,250.00,125,100
,1155,125.00,250.00,125,100
,1155,125.00,250.00,125,100
,1155,125.00,250.00,125,100
,1155,125.00,250.00,125,100
,1155,125.00,250.00,125,100
,1155,125.00,250.00,125,100
,1155,125.00,250.00,125,100
,1155,125.00,250.00,125,100
,1155,125.00,250.00,125,100
,1155,125.00,250.00,125,100
,1155,125.00,250.00,125,100
,1155,125.00,250.00,125,100
,1155,125.00,250.00,125,100
,1155,125.00,250.00,125,100
,1155,125.00,250.00,125,100
,1155,125.00,250.00,125,100
,1155,125.00,250.00,125,100
,1155,125.00,250.00,125,100
,1155,125.00,250.00,125,100
,1155,125.00,250.00,125,100
,1155,125.00,250.00,125,100
,1155,125.00,250.00,125,100
,1155,125.00,250.00,125,100
,1155,125.00,250.00,125,100
,1155,125.00,250.00,125,100
,1155,125.00,250.00,125,100
,1155,125.00,250.00,125,100
,1155,125.00,250.00,125,100
,1155,125.00,250.00,125,100
,1155,125.00,250.00,125,100
,1155,125.00,250.00,125,100
,1155,125.00,250.00,125,100
,1155,125.00,250.00,125,100
,1155,125.00,250.00,125,100
,1155,125.00,250.00,125,100
,1155,125.00,250.00,125,100
,1155,125.00,250.00,125,100
,1155,125.00,250.00,125,100
,1155,125.00,250.00,125,100
,1155,125.00,250.00,125,100
,1155,125.00,250.00,125,100
,1155,125.00,250.00,125,100
,1155,125.00,250.00,125,100
,1155,125.00,250.00,125,100
,1155,125.00,250.00,125,100
,1155,125.00,250.00,125,100
,1155,125.00,250.00,125,100
,1155,125.00,250.00,125,100
,1155,125.00,250.00,125,100
,1155,125.00,250.00,125,100
,1155,125.00,250.00,125,100
,1155,125.00,250.00,125,100
,1155,125.00,250.00,125,100
,1155,125.00,250.00,125,100
,1155,125.00,250.00,125,100
,1155,125.00,250.00,125,100
,1155,125.00,250.00,125,100
,1155,125.00,250.00,125,100
,1155,125.00,250.00,125,100
,1155,125.00,250.00,125,100
,1155,125.00,250.00,125,100
,1155,125.00,250.00,125,100
,1155,125.00,250.00,125,100
,1155,125.00,250.00,125,100
,1155,125.00,250.00,125,100
,1155,125.00,250.00,125,100
,1155,125.00,250.00,125,100
,1155,125.00,250.00,125,100
,1155,125.00,250.00,125,100
,1155,125.00,250.00,125,100
,1155,125.00,250.00,125,100
,1155,125.00,250.00,125,100
,1155,125.00,250.00,125,100
,1155,125.00,250.00,125,100
,1155,125.00,250.00,125,100
,1155,125.00,250.00,125,100
,1155,125.00,250.00,125,100
,1155,125.00,250.00,125,100
,1155,125.00,250.00,125,100
,1155,125.00,250.00,125,100
,1155,125.00,250.00,125,100
,1155,125.00,250.00,125,100
,1155,125.00,250.00,125,100
,1155,125.00,250.00,125,100
,1155,125.00,250.00,125,100
,1155,125.00,250.00,125,100
,1155,125.00,250.00,125,100
,1155,125.00,250.00,125,100
,1155,125.00,250.00,125,100
,1155,125.00,250.00,125,100
,1155,125.00,250.00,125,100
,1155,125.00,250.00,125,100
,1155,125.00,250.00,125,100
,1155,125.00,250.00,125,100
,1155,125.00,250.00,125,100
,1155,125.00,250.00,125,100
,1155,125.00,250.00,125,100
,1155,125.00,250.00,125,100
,1155,125.00,250.00,125,100
,1155,125.00,250.00,125,100
,1155,125.00,250.00,125,100
,1155,125.00,250.00,125,100
,1155,125.00,250.00,125,100
,1155,125.00,250.00,125,100
,1155,125.00,250.00,125,100
,1155,125.00,250.00,125,100
,1155,125.00,250.00,125,100
,1155,125.00,250.00,125,100
,1155,125.00,250.00,125,100
,1155,125.00,250.00,125,100
,1155,125.00,250.00,125,100
,1155,125.00,250.00,125,100
,1155,125.00,250.00,125,100
,1155,125.00,250.00,125,100
,1155,125.00,250.00,125,100
,1155,125.00,250.00,125,100
,1155,125.00,250.00,125,100
,1155,125.00,250.00,125,100
,1155,125.00,250.00,125,100
,1155,125.00,250.00,125,100
,1155,125.00,250.00,125,100
,1155,125.00,250.00,125,100
,1155,125.00,250.00,125,100
,1155,125.00,250.00,125,100
,1155,125.00,250.00,125,100
,1155,125.00,250.00,125,100
,1155,125.00,250.00,125,100
,1155,125.00,250.00,125,100
,1155,125.00,250.00,125,100
,1155,125.00,250.00,125,100
,1155,125.00,250.00,125,100
,1155,125.00,250.00,125,100
,1155,125.00,250.00,125,100
,1155,125.00,250.00,125,100
,1155,125.00,250.00,125,100
,1155,125.00,250.00,125,100
,1155,125.00,250.00,125,100
,1155,125.00,250.00,125,100
,1155,125.00,250.00,125,100
,1155,125.00,250.00,125,100
,1155,125.00,250.00,125,100
,1155,125.00,250.00,125,100
,1155,125.00,250.00,125,100
,1155,125.00,250.00,125,100
,1155,125.00,250.00,125,100
,1155,125.00,250.00,125,100
,1155,125.00,250.00,125,100
,1155,125.00,250.00,125,100
,1155,125.00,250.00,125,100
,1155,125.00,250.00,125,100
,1155,125.00,250.00,125,100
,1155,125.00,250.00,125,100
,1155,125.00,250.00,125,100
,1155,125.00,250.00,125,100
,1155,125.00,250.00,125,100
,1155,125.00,250.00,125,100
,1155,125.00,250.00,125,100
,1155,125.00,250.00,125,100
,1155,125.00,250.00,125,100
,1155,125.00,250.00,125,100
,1155,125.00,250.00,125,100
,1155,125.00,250.00,125,100
,1155,125.00,250.00,125,100
,1155,125.00,250.00,125,100
,1155,125.00,250.00,125,100
,1155,125.00,250.00,125,100
,1155,125.00,250.00,125,100
,1155,125.00,250.00,125,100
,1155,125.00,250.00,125,100
,1155,125.00,250.00,125,100
,1155,125.00,250.00,125,100
,1155,125.00,250.00,125,100
,1155,125.00,250.00,125,100
,1155,125.00,250.00,125,100
,1155,125.00,250.00,125,100
,1155,125.00,250.00,125,100
,1155,125.00,250.00,125,100
,1155,125.00,250.00,125,100
,1155,125.00,250.00,125,100
,1155,125.00,250.00,125,100
,1155,125.00,250.00,125,100
,1155,125.00,250.00,125,100
,1155,125.00,250.00,125,100
,1155,125.00,250.00,125,100
,1155,125.00,250.00,125,100
,1155,125.00,250.00,125,100
,1155,125.00,250.00,125,100
,1155,125.00,250.00,125,100
,1155,125.00,250.00,125,100
,1155,125.00,250.00,125,100
,1155,125.00,250.00,125,100
,1155,125.00,250.00,125,100
,1155,125.00,250.00,125,100
,1155,125.00,250.00,125,100
,1155,125.00,250.00,125,100
,1155,125.00,250.00,125,100
,1155,125.00,250.00,125,100
,1155,125.00,250.00,125,100
,1155,125.00,250.00,125,100
,1155,125.00,250.00,125,100
,1155,125.00,250.00,125,100
,1155,125.00,250.00,125,100
,1155,125.00,250.00,125,100
,1155,125.00,250.00,125,100
,1155,125.00,250.00,125,100
,1155,125.00,250.00,125,100
,1155,125.00,250.00,125,100
,1155,125.00,250.00,125,100
,1155,125.00,250.00,125,100
,1155,125.00,250.00,125,100
,1155,125.00,250.00,125,100
,1155,125.00,250.00,125,100
,1155,125.00,250.00,125,100
,1155,125.00,250.00,125,100
,1155,125.00,250.00,125,100
,1155,125.00,250.00,125,100
,1155,125.00,250.00,125,100
,1155,125.00,250.00,125,100
,1155,125.00,250.00,125,100
,1155,125.00,250.00,125,100
,1155,125.00,250.00,125,100
,1155,125.00,250.00,125,100
,1155,125.00,250.00,125,100
,1155,125.00,250.00,125,100
,1155,125.00,250.00,125,100
,1155,125.00,250.00,125,100
,1155,125.00,250.00,125,100
,1155,125.00,250.00,125,100
,1155,125.00,250.00,125,100
,1155,125.00,250.00,125,100
,1155,125.00,250.00,125,100
,1155,125.00,250.00,125,100
,1155,125.00,250.00,125,100
,1155,125.00,250.00,125,100
,1155,125.00,250.00,125,100
,1155,125.00,250.00,125,100
,1155,125.00,250.00,125,100
,1155,125.00,250.00,125,100
,1155,125.00,250.00,125,100
,1155,125.00,250.00,125,100
,1155,125.00,250.00,125,100
,1155,125.00,250.00,125,100
,1155,125.00,250.00,125,100
,1155,125.00,250.00,125,100
,1155,125.00,250.00,125,100
,1155,125.00,250.00,125,100
,1155,125.00,250.00,125,100
,1155,125.00,250.00,125,100
,1155,125.00,250.00,125,100
,1155,125.00,250.00,125,100
,1155,125.00,250.00,125,100
,1155,125.00,250.00,125,100
,1155,125.00,250.00,125,100
,1155,125.00,250.00,125,100
,1155,125.00,250.00,125,100
,1155,125.00,250.00,125,100
,1155,125.00,250.00,125,100
,1155,125.00,250.00,125,100
,1155,125.00,250.00,125,100
,1155,125.00,250.00,125,100
,1155,125.00,250.00,125,100
,1155,125.00,250.00,125,100
,1155,125.00,250.00,125,100
,1155,125.00,250.00,125,100
,1155,125.00,250.00,125,100
,1155,125.00,250.00,125,100
,1155,125.00,250.00,125,100
,1155,125.00,250.00,125,100
,1155,125.00,250.00,125,100
,1155,125.00,250.00,125,100
,1155,125.00,250.00,125,100
,1155,125.00,250.00,125,100
,1155,125.00,250.00,125,100
,1155,125.00,250.00,125,100
,1155,125.00,250.00,125,100
,1155,125.00,250.00,125,100
,1155,476.50,600.00,123.5,25.9181532004197272
,1155,1888.00,2000.00,112,5.9322033898305085
,1155,390.00,500.00,110,28.2051282051282051
tui,22,90.00,200.00,110,122.2222222222222222
,1155,24.25,125.00,100.75,415.4639175257731959
,1155,150.00,250.00,100,66.6666666666666667
,1155,150.00,250.00,100,66.6666666666666667
,1155,25.00,125.00,100,400
,1155,100.00,200.00,100,100
tui,22,300.00,400.00,100,33.3333333333333333
,1155,150.00,250.00,100,66.6666666666666667
,1155,400.00,500.00,100,25
,1155,150.00,250.00,100,66.6666666666666667
tui,22,100.00,200.00,100,100
tui,22,100.00,200.00,100,100
,1155,200.00,300.00,100,50
,1155,100.00,200.00,100,100
,1155,300.00,400.00,100,33.3333333333333333
,1155,150.00,250.00,100,66.6666666666666667
,1155,200.00,300.00,100,50
,1155,150.00,250.00,100,66.6666666666666667
,1155,150.00,250.00,100,66.6666666666666667
,1155,150.00,250.00,100,66.6666666666666667
,1155,25.00,125.00,100,400
kiribati,13,100.00,200.00,100,100
,1155,25.00,125.00,100,400
,1155,1100.00,1200.00,100,9.0909090909090909
,1155,400.00,500.00,100,25
,1155,150.00,250.00,100,66.6666666666666667
,1155,300.00,400.00,100,33.3333333333333333
,1155,500.00,600.00,100,20
,1155,500.00,600.00,100,20
,1155,150.00,250.00,100,66.6666666666666667
,1155,150.00,250.00,100,66.6666666666666667
,1155,26.00,125.00,99,380.7692307692307692
,1155,28.00,125.00,97,346.4285714285714286
,1155,515.00,600.00,85,16.5048543689320388
,1155,520.00,600.00,80,15.3846153846153846
,1155,48.01,125.00,76.99,160.3624244948968965
,1155,50.00,125.00,75,150
tui,22,50.00,125.00,75,150
,1155,50.00,125.00,75,150
,1155,50.00,125.00,75,150
,1155,50.00,125.00,75,150
,1155,60.00,125.00,65,108.3333333333333333
,1155,187.00,250.00,63,33.6898395721925134
,1155,190.00,250.00,60,31.5789473684210526
,1155,200.00,250.00,50,25
,1155,75.00,125.00,50,66.6666666666666667
,1155,200.00,250.00,50,25
,1155,250.00,300.00,50,20
,1155,200.00,250.00,50,25
,1155,200.00,250.00,50,25
,1155,200.00,250.00,50,25
,1155,75.00,125.00,50,66.6666666666666667
,1155,200.00,250.00,50,25
,1155,200.00,250.00,50,25
,1155,75.00,125.00,50,66.6666666666666667
,1155,200.00,250.00,50,25
,1155,75.00,125.00,50,66.6666666666666667
,1155,550.00,600.00,50,9.0909090909090909
,1155,1150.00,1200.00,50,4.3478260869565217
,1155,200.00,250.00,50,25
,1155,200.00,250.00,50,25
,1155,200.00,250.00,50,25
tui,22,75.00,125.00,50,66.6666666666666667
,1155,90.00,125.00,35,38.8888888888888889
,1155,95.00,125.00,30,31.5789473684210526
,1155,99.00,125.00,26,26.2626262626262626
,1155,100.00,125.00,25,25
,1155,225.00,250.00,25,11.1111111111111111
,1155,225.00,250.00,25,11.1111111111111111
tui,22,375.00,400.00,25,6.6666666666666667
,1155,225.00,250.00,25,11.1111111111111111
,1155,577.00,600.00,23,3.9861351819757366
,1155,479.00,500.00,21,4.384133611691023
,1155,230.00,250.00,20,8.6956521739130435
,1155,231.30,250.00,18.7,8.0847384349329875
,1155,239.00,250.00,11,4.602510460251046
,1155,299.00,300.00,1,0.33444816053511705686
,1155,1199.50,1200.00,0.5,0.04168403501458941226
,1155,599.97,600.00,0.03,0.00500025001250062503
,1155,599.99,600.00,0.01,0.00166669444490741512
