#,id,kwota_rekompensaty,kwota_rekompensaty_oryginalna,roznica,mediana
1,55103,600.00,3600.00,3000,125
2,2005089,600.00,3000.00,2400,125
3,40029,600.00,3000.00,2400,125
4,35905,300.00,2400.00,2100,125
5,2158150,112.00,2000.00,1888,125
6,2151403,600.00,2400.00,1800,125
7,16139,400.00,2000.00,1600,125
8,2037162,750.00,2250.00,1500,125
9,56215,400.00,1600.00,1200,125
10,33297,600.00,1800.00,1200,125
11,2101137,600.00,1800.00,1200,125
12,2094338,1200.00,2400.00,1200,125
13,2099927,1200.00,2400.00,1200,125
14,44006,600.00,1800.00,1200,125
15,2101190,600.00,1800.00,1200,125
16,2073350,800.00,2000.00,1200,125
17,2073557,800.00,2000.00,1200,125
18,2113379,98.02,1200.00,1101.98,125
19,2063709,100.00,1200.00,1100,125
20,2107041,100.00,1200.00,1100,125
21,2106980,750.00,1800.00,1050,125
22,2001986,-700.00,300.00,1000,125
23,54796,300.00,1200.00,900,125
24,56248,100.00,1000.00,900,125
25,39092,300.00,1200.00,900,125
26,2073545,1200.00,2000.00,800,125
27,2073186,1200.00,2000.00,800,125
28,2107008,1000.00,1800.00,800,125
29,56217,250.00,1000.00,750,125
30,2037161,1500.00,2250.00,750,125
31,2108726,450.00,1200.00,750,125
32,55320,250.00,1000.00,750,125
33,55317,450.00,1200.00,750,125
34,2005700,455.00,1200.00,745,125
35,2107007,478.00,1200.00,722,125
36,49967,500.00,1200.00,700,125
37,2061674,500.00,1200.00,700,125
38,2104784,500.00,1200.00,700,125
39,45096,122.00,800.00,678,125
40,2108065,100.00,750.00,650,125
41,29393,600.00,1200.00,600,125
42,56208,600.00,1200.00,600,125
43,2104228,600.00,1200.00,600,125
44,2004805,600.00,1200.00,600,125
45,53903,600.00,1200.00,600,125
46,2000951,600.00,1200.00,600,125
47,2001495,600.00,1200.00,600,125
48,2006345,600.00,1200.00,600,125
49,2107043,600.00,1200.00,600,125
50,2000039,600.00,1200.00,600,125
51,41202,600.00,1200.00,600,125
52,2001496,600.00,1200.00,600,125
53,11192,600.00,1200.00,600,125
54,53532,1200.00,1800.00,600,125
55,36067,3000.00,3600.00,600,125
56,55116,200.00,800.00,600,125
57,2108505,600.00,1200.00,600,125
58,2150600,1800.00,2400.00,600,125
59,2101027,200.00,800.00,600,125
60,2071359,600.00,1200.00,600,125
61,2006445,600.00,1200.00,600,125
62,55314,600.00,1200.00,600,125
63,2087550,600.00,1200.00,600,125
64,2000264,600.00,1200.00,600,125
65,37332,600.00,1200.00,600,125
66,2000431,600.00,1200.00,600,125
67,2073006,600.00,1200.00,600,125
68,2001033,0.00,600.00,600,125
69,55774,600.00,1200.00,600,125
70,2007872,0.00,600.00,600,125
71,2005091,2400.00,3000.00,600,125
72,52824,1200.00,1800.00,600,125
73,2103900,300.00,900.00,600,125
74,2004533,600.00,1200.00,600,125
75,53555,2400.00,3000.00,600,125
76,55316,600.00,1200.00,600,125
77,2000506,600.00,1200.00,600,125
78,2037311,0.01,600.00,599.99,125
79,2068588,200.00,750.00,550,125
80,2003718,200.00,750.00,550,125
81,2007404,0.00,500.00,500,125
82,2084554,700.00,1200.00,500,125
83,2066761,700.00,1200.00,500,125
84,2108513,100.00,600.00,500,125
85,2004771,250.00,750.00,500,125
86,2107039,400.00,900.00,500,125
87,2002189,100.00,600.00,500,125
88,2002383,100.00,600.00,500,125
89,44087,250.00,750.00,500,125
90,2065230,250.00,750.00,500,125
91,54152,700.00,1200.00,500,125
92,2037165,1.00,500.00,499,125
93,2084500,260.00,750.00,490,125
94,2041123,10.00,500.00,490,125
95,2005703,745.00,1200.00,455,125
96,2002055,150.00,600.00,450,125
97,11849,750.00,1200.00,450,125
98,2005115,300.00,750.00,450,125
99,2108506,356.00,800.00,444,125
100,2002270,200.00,600.00,400,125
101,2004009,200.00,600.00,400,125
102,2004033,200.00,600.00,400,125
103,2001298,200.00,600.00,400,125
104,2002186,200.00,600.00,400,125
105,47393,400.00,800.00,400,125
106,48956,400.00,800.00,400,125
107,2004414,400.00,800.00,400,125
108,55106,400.00,800.00,400,125
109,53534,1600.00,2000.00,400,125
110,55490,400.00,800.00,400,125
111,38751,1200.00,1600.00,400,125
112,2078539,200.00,600.00,400,125
113,43790,400.00,800.00,400,125
114,2000347,200.00,600.00,400,125
115,2002025,200.00,600.00,400,125
116,2002267,200.00,600.00,400,125
117,2002264,200.00,600.00,400,125
118,55045,400.00,800.00,400,125
119,2001247,400.00,800.00,400,125
120,2006466,200.00,600.00,400,125
121,2055030,100.00,500.00,400,125
122,2011016,200.00,600.00,400,125
123,2001770,200.00,600.00,400,125
124,2001037,0.00,400.00,400,125
125,2000928,200.00,600.00,400,125
126,2108509,400.00,800.00,400,125
127,2001246,400.00,800.00,400,125
128,2013359,1200.00,1600.00,400,125
129,54225,200.00,600.00,400,125
130,40916,400.00,800.00,400,125
131,2053514,200.00,600.00,400,125
132,2004159,100.00,500.00,400,125
133,2002183,200.00,600.00,400,125
134,2004494,400.00,800.00,400,125
135,55111,400.00,800.00,400,125
136,2000088,200.00,600.00,400,125
137,54820,200.00,600.00,400,125
138,2002184,210.00,600.00,390,125
139,2001817,222.20,600.00,377.8,125
140,2001243,230.00,600.00,370,125
141,2111208,136.00,500.00,364,125
142,2061967,250.00,600.00,350,125
143,2065423,250.00,600.00,350,125
144,2063696,250.00,600.00,350,125
145,2106981,150.00,500.00,350,125
146,2099211,150.00,500.00,350,125
147,2097051,250.00,600.00,350,125
148,47454,250.00,600.00,350,125
149,2088599,250.00,600.00,350,125
150,2002030,256.00,600.00,344,125
151,2108840,160.00,500.00,340,125
152,2059791,50.00,375.00,325,125
153,2009431,300.00,600.00,300,125
154,2012360,300.00,600.00,300,125
155,2052403,300.00,600.00,300,125
156,2011525,300.00,600.00,300,125
157,2010725,300.00,600.00,300,125
158,2100648,300.00,600.00,300,125
159,2002262,200.00,500.00,300,125
160,2072791,300.00,600.00,300,125
161,36492,300.00,600.00,300,125
162,2005707,300.00,600.00,300,125
163,2057645,300.00,600.00,300,125
164,2009429,300.00,600.00,300,125
165,2005109,450.00,750.00,300,125
166,55008,2100.00,2400.00,300,125
167,2006055,300.00,600.00,300,125
168,2011097,300.00,600.00,300,125
169,2011368,300.00,600.00,300,125
170,2010053,300.00,600.00,300,125
171,2042316,300.00,600.00,300,125
172,2010052,300.00,600.00,300,125
173,2007418,300.00,600.00,300,125
174,2005200,100.00,400.00,300,125
175,2058686,300.00,600.00,300,125
176,2107437,300.00,600.00,300,125
177,2012674,300.00,600.00,300,125
178,2100638,300.00,600.00,300,125
179,2152237,300.00,600.00,300,125
180,2110707,300.00,600.00,300,125
181,55010,900.00,1200.00,300,125
182,2076221,100.00,400.00,300,125
183,36647,200.00,500.00,300,125
184,2000334,300.00,600.00,300,125
185,2000313,300.00,600.00,300,125
186,2149305,300.00,600.00,300,125
187,2070527,100.00,400.00,300,125
188,9858,100.00,400.00,300,125
189,2053289,300.00,600.00,300,125
190,2005706,300.00,600.00,300,125
191,2126858,200.00,500.00,300,125
192,2106809,200.00,500.00,300,125
193,2002054,300.00,600.00,300,125
194,2071353,300.00,600.00,300,125
195,2074339,300.00,600.00,300,125
196,2011974,300.00,600.00,300,125
197,30118,900.00,1200.00,300,125
198,2010652,300.00,600.00,300,125
199,2002414,300.00,600.00,300,125
200,2007416,300.00,600.00,300,125
201,2002188,300.25,600.00,299.75,125
202,2037263,1.00,300.00,299,125
203,2138000,230.00,500.00,270,125
204,2084501,490.00,750.00,260,125
205,2109948,245.28,500.00,254.72,125
206,2065316,250.00,500.00,250,125
207,2067126,250.00,500.00,250,125
208,2067133,250.00,500.00,250,125
209,2065313,250.00,500.00,250,125
210,2067136,250.00,500.00,250,125
211,2069917,250.00,500.00,250,125
212,2065324,250.00,500.00,250,125
213,2065326,250.00,500.00,250,125
214,2065336,250.00,500.00,250,125
215,2065332,250.00,500.00,250,125
216,2067217,500.00,750.00,250,125
217,2067222,350.00,600.00,250,125
218,2065343,250.00,500.00,250,125
219,2067204,250.00,500.00,250,125
220,2065347,250.00,500.00,250,125
221,2067206,250.00,500.00,250,125
222,2067220,350.00,600.00,250,125
223,2065437,250.00,500.00,250,125
224,2065440,250.00,500.00,250,125
225,2072980,250.00,500.00,250,125
226,2072976,250.00,500.00,250,125
227,2065663,250.00,500.00,250,125
228,2065648,250.00,500.00,250,125
229,2070136,250.00,500.00,250,125
230,2065650,250.00,500.00,250,125
231,2070139,250.00,500.00,250,125
232,2065667,250.00,500.00,250,125
233,2073015,250.00,500.00,250,125
234,2073018,250.00,500.00,250,125
235,2067490,250.00,500.00,250,125
236,2067493,250.00,500.00,250,125
237,2067507,250.00,500.00,250,125
238,2067511,250.00,500.00,250,125
239,2065738,250.00,500.00,250,125
240,2065742,250.00,500.00,250,125
241,2065843,250.00,500.00,250,125
242,2065847,250.00,500.00,250,125
243,2112898,250.00,500.00,250,125
244,2070630,250.00,500.00,250,125
245,2070528,250.00,500.00,250,125
246,2067985,250.00,500.00,250,125
247,2068081,250.00,500.00,250,125
248,2070532,250.00,500.00,250,125
249,2068079,250.00,500.00,250,125
250,2067988,250.00,500.00,250,125
251,2070629,250.00,500.00,250,125
252,2081761,250.00,500.00,250,125
253,2073179,250.00,500.00,250,125
254,2073182,250.00,500.00,250,125
255,2068096,250.00,500.00,250,125
256,2073170,250.00,500.00,250,125
257,2073172,250.00,500.00,250,125
258,2068093,250.00,500.00,250,125
259,2068280,250.00,500.00,250,125
260,2068291,250.00,500.00,250,125
261,2073201,250.00,500.00,250,125
262,2068295,250.00,500.00,250,125
263,2068594,250.00,500.00,250,125
264,2068598,250.00,500.00,250,125
265,2073311,250.00,500.00,250,125
266,2071125,250.00,500.00,250,125
267,2068725,250.00,500.00,250,125
268,2068721,250.00,500.00,250,125
269,2068813,250.00,500.00,250,125
270,2068816,250.00,500.00,250,125
271,2073318,250.00,500.00,250,125
272,2073336,250.00,500.00,250,125
273,2073339,250.00,500.00,250,125
274,2073363,250.00,500.00,250,125
275,2073345,250.00,500.00,250,125
276,2073348,250.00,500.00,250,125
277,2073534,250.00,500.00,250,125
278,2073531,250.00,500.00,250,125
279,43648,250.00,500.00,250,125
280,55107,250.00,500.00,250,125
281,2045896,250.00,500.00,250,125
282,2073633,250.00,500.00,250,125
283,2045898,250.00,500.00,250,125
284,2073553,250.00,500.00,250,125
285,2073556,250.00,500.00,250,125
286,2045911,250.00,500.00,250,125
287,2059437,250.00,500.00,250,125
288,2045909,250.00,500.00,250,125
289,2071644,250.00,500.00,250,125
290,2071637,250.00,500.00,250,125
291,2073629,250.00,500.00,250,125
292,2071856,250.00,500.00,250,125
293,2071842,250.00,500.00,250,125
294,2075857,50.00,300.00,250,125
295,2071846,250.00,500.00,250,125
296,2073639,250.00,500.00,250,125
297,2071852,250.00,500.00,250,125
298,2073652,250.00,500.00,250,125
299,2073655,250.00,500.00,250,125
300,2073814,250.00,500.00,250,125
301,2067113,250.00,500.00,250,125
302,2078669,250.00,500.00,250,125
303,2051248,250.00,500.00,250,125
304,2053612,250.00,500.00,250,125
305,2051378,250.00,500.00,250,125
306,2072342,250.00,500.00,250,125
307,2072338,250.00,500.00,250,125
308,2072369,250.00,500.00,250,125
309,2072306,250.00,500.00,250,125
310,2072297,250.00,500.00,250,125
311,2051373,250.00,500.00,250,125
312,2072378,250.00,500.00,250,125
313,2073852,250.00,500.00,250,125
314,2073854,250.00,500.00,250,125
315,2053343,250.00,500.00,250,125
316,2073866,250.00,500.00,250,125
317,2006346,250.00,500.00,250,125
318,2073869,250.00,500.00,250,125
319,2073875,250.00,500.00,250,125
320,2073879,250.00,500.00,250,125
321,2072571,250.00,500.00,250,125
322,2072566,250.00,500.00,250,125
323,2074079,250.00,500.00,250,125
324,2053530,250.00,500.00,250,125
325,2052067,250.00,500.00,250,125
326,2074074,250.00,500.00,250,125
327,2110996,250.00,500.00,250,125
328,2052079,250.00,500.00,250,125
329,2046032,250.00,500.00,250,125
330,2046290,250.00,500.00,250,125
331,2046297,250.00,500.00,250,125
332,2048865,250.00,500.00,250,125
333,2048867,250.00,500.00,250,125
334,2045470,250.00,500.00,250,125
335,2050013,250.00,500.00,250,125
336,2049007,250.00,500.00,250,125
337,2052263,250.00,500.00,250,125
338,2046451,250.00,500.00,250,125
339,2046454,250.00,500.00,250,125
340,2049206,250.00,500.00,250,125
341,2049208,250.00,500.00,250,125
342,2049216,250.00,500.00,250,125
343,2049218,250.00,500.00,250,125
344,2052468,250.00,500.00,250,125
345,2046635,250.00,500.00,250,125
346,2046645,250.00,500.00,250,125
347,2046668,250.00,500.00,250,125
348,2046655,250.00,500.00,250,125
349,2074338,250.00,500.00,250,125
350,2046658,250.00,500.00,250,125
351,2046850,250.00,500.00,250,125
352,2046638,250.00,500.00,250,125
353,2052477,250.00,500.00,250,125
354,2052478,250.00,500.00,250,125
355,2049401,250.00,500.00,250,125
356,2049403,250.00,500.00,250,125
357,2041594,250.00,500.00,250,125
358,2052509,250.00,500.00,250,125
359,2052516,250.00,500.00,250,125
360,2047022,250.00,500.00,250,125
361,2049702,250.00,500.00,250,125
362,2044622,250.00,500.00,250,125
363,2050604,250.00,500.00,250,125
364,40987,250.00,500.00,250,125
365,2044625,250.00,500.00,250,125
366,2044676,250.00,500.00,250,125
367,2111689,250.00,500.00,250,125
368,2049704,250.00,500.00,250,125
369,2044677,250.00,500.00,250,125
370,2044744,250.00,500.00,250,125
371,2107980,250.00,500.00,250,125
372,2050742,250.00,500.00,250,125
373,2044760,250.00,500.00,250,125
374,2044759,250.00,500.00,250,125
375,2049867,250.00,500.00,250,125
376,2052791,250.00,500.00,250,125
377,2048246,250.00,500.00,250,125
378,2049882,250.00,500.00,250,125
379,2044941,250.00,500.00,250,125
380,2049884,250.00,500.00,250,125
381,2045077,250.00,500.00,250,125
382,2068279,250.00,500.00,250,125
383,2073198,250.00,500.00,250,125
384,2044943,250.00,500.00,250,125
385,2048244,250.00,500.00,250,125
386,2049932,250.00,500.00,250,125
387,2045354,250.00,500.00,250,125
388,2045352,250.00,500.00,250,125
389,2052794,250.00,500.00,250,125
390,2047845,250.00,500.00,250,125
391,2045469,250.00,500.00,250,125
392,2047842,250.00,500.00,250,125
393,2050010,250.00,500.00,250,125
394,2050024,250.00,500.00,250,125
395,2047923,250.00,500.00,250,125
396,2047860,250.00,500.00,250,125
397,2050044,250.00,500.00,250,125
398,2047862,250.00,500.00,250,125
399,2047922,250.00,500.00,250,125
400,2051360,250.00,500.00,250,125
401,2051358,250.00,500.00,250,125
402,2071131,250.00,500.00,250,125
403,2044604,250.00,500.00,250,125
404,2053711,250.00,500.00,250,125
405,2053793,250.00,500.00,250,125
406,2053873,250.00,500.00,250,125
407,2053872,250.00,500.00,250,125
408,2053678,250.00,500.00,250,125
409,2053805,250.00,500.00,250,125
410,2053672,250.00,500.00,250,125
411,2053775,250.00,500.00,250,125
412,2053691,250.00,500.00,250,125
413,2053708,250.00,500.00,250,125
414,55109,250.00,500.00,250,125
415,2053985,250.00,500.00,250,125
416,2053984,250.00,500.00,250,125
417,2053651,250.00,500.00,250,125
418,2054222,250.00,500.00,250,125
419,2054221,250.00,500.00,250,125
420,2054737,250.00,500.00,250,125
421,2006187,250.00,500.00,250,125
422,2060819,250.00,500.00,250,125
423,2033530,250.00,500.00,250,125
424,2055472,250.00,500.00,250,125
425,2055474,250.00,500.00,250,125
426,2004360,250.00,500.00,250,125
427,2004374,250.00,500.00,250,125
428,2068985,250.00,500.00,250,125
429,2005110,250.00,500.00,250,125
430,2005112,250.00,500.00,250,125
431,2005111,250.00,500.00,250,125
432,2005116,250.00,500.00,250,125
433,2060934,250.00,500.00,250,125
434,2006054,250.00,500.00,250,125
435,2006052,250.00,500.00,250,125
436,2060931,250.00,500.00,250,125
437,2105379,250.00,500.00,250,125
438,2100066,350.00,600.00,250,125
439,2063825,250.00,500.00,250,125
440,2008526,250.00,500.00,250,125
441,2008529,250.00,500.00,250,125
442,2058084,250.00,500.00,250,125
443,2100279,350.00,600.00,250,125
444,2014411,250.00,500.00,250,125
445,2013797,250.00,500.00,250,125
446,2055668,250.00,500.00,250,125
447,2058088,250.00,500.00,250,125
448,2055669,250.00,500.00,250,125
449,2054735,250.00,500.00,250,125
450,2108035,250.00,500.00,250,125
451,2108510,250.00,500.00,250,125
452,2055817,250.00,500.00,250,125
453,2055815,250.00,500.00,250,125
454,2066178,250.00,500.00,250,125
455,2066181,250.00,500.00,250,125
456,2061010,250.00,500.00,250,125
457,2061013,250.00,500.00,250,125
458,2055980,250.00,500.00,250,125
459,2055982,250.00,500.00,250,125
460,2055972,250.00,500.00,250,125
461,2055971,250.00,500.00,250,125
462,2058287,250.00,500.00,250,125
463,2056024,250.00,500.00,250,125
464,2058284,250.00,500.00,250,125
465,2056022,250.00,500.00,250,125
466,2056037,250.00,500.00,250,125
467,2056036,250.00,500.00,250,125
468,2053695,250.00,500.00,250,125
469,2053648,250.00,500.00,250,125
470,2058503,250.00,500.00,250,125
471,2058501,250.00,500.00,250,125
472,2053675,250.00,500.00,250,125
473,2068993,250.00,500.00,250,125
474,2053806,250.00,500.00,250,125
475,2053792,250.00,500.00,250,125
476,55194,350.00,600.00,250,125
477,2000604,20.00,270.00,250,125
478,2058682,250.00,500.00,250,125
479,2056709,250.00,500.00,250,125
480,2056707,250.00,500.00,250,125
481,2050739,250.00,500.00,250,125
482,2061324,250.00,500.00,250,125
483,2061302,250.00,500.00,250,125
484,2061307,250.00,500.00,250,125
485,2050856,250.00,500.00,250,125
486,2061330,250.00,500.00,250,125
487,2056835,250.00,500.00,250,125
488,2059076,250.00,500.00,250,125
489,2059070,250.00,500.00,250,125
490,2056833,250.00,500.00,250,125
491,53945,150.00,400.00,250,125
492,2056854,250.00,500.00,250,125
493,2061369,250.00,500.00,250,125
494,2061372,250.00,500.00,250,125
495,2056852,250.00,500.00,250,125
496,2059118,250.00,500.00,250,125
497,2059121,250.00,500.00,250,125
498,2061397,250.00,500.00,250,125
499,2061400,250.00,500.00,250,125
500,2057206,250.00,500.00,250,125
501,2057208,250.00,500.00,250,125
502,2050852,250.00,500.00,250,125
503,2057281,250.00,500.00,250,125
504,2063292,250.00,500.00,250,125
505,2063706,250.00,500.00,250,125
506,2061409,250.00,500.00,250,125
507,2061406,250.00,500.00,250,125
508,2054572,250.00,500.00,250,125
509,2057284,250.00,500.00,250,125
510,2059363,250.00,500.00,250,125
511,2059438,250.00,500.00,250,125
512,2059360,250.00,500.00,250,125
513,2061418,250.00,500.00,250,125
514,2059420,250.00,500.00,250,125
515,2061421,250.00,500.00,250,125
516,2059425,250.00,500.00,250,125
517,2059441,250.00,500.00,250,125
518,2059456,250.00,500.00,250,125
519,2054571,250.00,500.00,250,125
520,2059465,250.00,500.00,250,125
521,2051061,250.00,500.00,250,125
522,2063747,250.00,500.00,250,125
523,2063751,250.00,500.00,250,125
524,2059523,250.00,500.00,250,125
525,2066433,250.00,500.00,250,125
526,2061543,250.00,500.00,250,125
527,2061546,250.00,500.00,250,125
528,2059526,250.00,500.00,250,125
529,2063808,250.00,500.00,250,125
530,2066436,250.00,500.00,250,125
531,2063805,250.00,500.00,250,125
532,2059532,250.00,500.00,250,125
533,2059535,250.00,500.00,250,125
534,2061565,250.00,500.00,250,125
535,2059585,250.00,500.00,250,125
536,2059587,250.00,500.00,250,125
537,2061568,250.00,500.00,250,125
538,2063830,250.00,500.00,250,125
539,2059904,250.00,500.00,250,125
540,2059900,250.00,500.00,250,125
541,2051063,250.00,500.00,250,125
542,2054592,250.00,500.00,250,125
543,2051118,250.00,500.00,250,125
544,2051120,250.00,500.00,250,125
545,2062919,250.00,500.00,250,125
546,2045536,250.00,500.00,250,125
547,2061791,250.00,500.00,250,125
548,2061788,250.00,500.00,250,125
549,2061804,250.00,500.00,250,125
550,2061801,250.00,500.00,250,125
551,2045537,250.00,500.00,250,125
552,2048486,250.00,500.00,250,125
553,36901,250.00,500.00,250,125
554,2060495,250.00,500.00,250,125
555,2060492,250.00,500.00,250,125
556,2061962,350.00,600.00,250,125
557,2061920,250.00,500.00,250,125
558,2061923,250.00,500.00,250,125
559,2060521,250.00,500.00,250,125
560,2064117,250.00,500.00,250,125
561,2062104,250.00,500.00,250,125
562,2062107,250.00,500.00,250,125
563,2064119,250.00,500.00,250,125
564,2060520,250.00,500.00,250,125
565,2064131,250.00,500.00,250,125
566,2064134,250.00,500.00,250,125
567,2064155,250.00,500.00,250,125
568,2064145,250.00,500.00,250,125
569,2064146,250.00,500.00,250,125
570,2064151,250.00,500.00,250,125
571,2062319,250.00,500.00,250,125
572,2062316,250.00,500.00,250,125
573,2066760,150.00,400.00,250,125
574,2062516,250.00,500.00,250,125
575,2062513,250.00,500.00,250,125
576,2064300,250.00,500.00,250,125
577,2064304,250.00,500.00,250,125
578,2066769,250.00,500.00,250,125
579,2066772,250.00,500.00,250,125
580,2062585,250.00,500.00,250,125
581,2062588,250.00,500.00,250,125
582,2064491,250.00,500.00,250,125
583,2062647,250.00,500.00,250,125
584,2064495,250.00,500.00,250,125
585,2062651,250.00,500.00,250,125
586,2064575,250.00,500.00,250,125
587,2064579,250.00,500.00,250,125
588,2045661,250.00,500.00,250,125
589,2064700,250.00,500.00,250,125
590,2066870,250.00,500.00,250,125
591,2066873,250.00,500.00,250,125
592,2064704,250.00,500.00,250,125
593,2066935,250.00,500.00,250,125
594,2062896,250.00,500.00,250,125
595,2062900,250.00,500.00,250,125
596,2064772,250.00,500.00,250,125
597,2066946,250.00,500.00,250,125
598,2064776,250.00,500.00,250,125
599,2062916,250.00,500.00,250,125
600,2066965,250.00,500.00,250,125
601,2066967,250.00,500.00,250,125
602,2045680,250.00,500.00,250,125
603,2045682,250.00,500.00,250,125
604,2067029,250.00,500.00,250,125
605,2069611,250.00,500.00,250,125
606,2069614,250.00,500.00,250,125
607,2072814,250.00,500.00,250,125
608,2065206,250.00,500.00,250,125
609,2067033,250.00,500.00,250,125
610,2072817,250.00,500.00,250,125
611,2065209,250.00,500.00,250,125
612,2069620,250.00,500.00,250,125
613,2069624,250.00,500.00,250,125
614,54804,250.00,500.00,250,125
615,2069801,250.00,500.00,250,125
616,2072831,250.00,500.00,250,125
617,2069753,250.00,500.00,250,125
618,2067115,250.00,500.00,250,125
619,2072834,250.00,500.00,250,125
620,2065301,250.00,500.00,250,125
621,2065304,250.00,500.00,250,125
622,2069804,250.00,500.00,250,125
623,2069747,250.00,500.00,250,125
624,2067122,250.00,500.00,250,125
625,2054922,250.00,500.00,250,125
626,2054924,250.00,500.00,250,125
627,2057654,250.00,500.00,250,125
628,31851,250.00,500.00,250,125
629,2044623,250.00,500.00,250,125
630,2044631,250.00,500.00,250,125
631,2060671,250.00,500.00,250,125
632,2000018,250.00,500.00,250,125
633,2044734,250.00,500.00,250,125
634,2049870,250.00,500.00,250,125
635,2004753,500.00,750.00,250,125
636,2005028,250.00,500.00,250,125
637,2049930,250.00,500.00,250,125
638,2005122,250.00,500.00,250,125
639,2054991,250.00,500.00,250,125
640,2055079,250.00,500.00,250,125
641,2054989,250.00,500.00,250,125
642,2053771,250.00,500.00,250,125
643,2055081,250.00,500.00,250,125
644,2055077,250.00,500.00,250,125
645,2050026,250.00,500.00,250,125
646,2050046,250.00,500.00,250,125
647,2060813,250.00,500.00,250,125
648,2060818,250.00,500.00,250,125
649,2057772,250.00,500.00,250,125
650,2057775,250.00,500.00,250,125
651,2048029,250.00,500.00,250,125
652,2048039,250.00,500.00,250,125
653,2055087,250.00,500.00,250,125
654,2048232,250.00,500.00,250,125
655,2055088,250.00,500.00,250,125
656,2013597,150.00,400.00,250,125
657,2048028,250.00,500.00,250,125
658,2048204,250.00,500.00,250,125
659,2048315,250.00,500.00,250,125
660,2048036,250.00,500.00,250,125
661,2048069,250.00,500.00,250,125
662,2048052,250.00,500.00,250,125
663,2048068,250.00,500.00,250,125
664,44177,750.00,1000.00,250,125
665,43619,250.00,500.00,250,125
666,2093170,250.00,500.00,250,125
667,2048189,250.00,500.00,250,125
668,2048203,250.00,500.00,250,125
669,2048223,250.00,500.00,250,125
670,2048192,250.00,500.00,250,125
671,2048233,250.00,500.00,250,125
672,2048270,250.00,500.00,250,125
673,2055098,250.00,500.00,250,125
674,2048222,250.00,500.00,250,125
675,2048271,250.00,500.00,250,125
676,2050496,250.00,500.00,250,125
677,2048316,250.00,500.00,250,125
678,2050500,250.00,500.00,250,125
679,2051243,250.00,500.00,250,125
680,2050601,250.00,500.00,250,125
681,34633,750.00,1000.00,250,125
682,2053346,250.00,500.00,250,125
683,2055100,250.00,500.00,250,125
684,2045663,250.00,500.00,250,125
685,2045670,250.00,500.00,250,125
686,2045672,250.00,500.00,250,125
687,2053657,250.00,500.00,250,125
688,2072744,250.00,500.00,250,125
689,2060814,250.00,500.00,250,125
690,29332,250.00,500.00,250,125
691,2045075,250.00,500.00,250,125
692,2053774,250.00,500.00,250,125
693,2048738,250.00,500.00,250,125
694,2048736,250.00,500.00,250,125
695,2048958,250.00,500.00,250,125
696,2048913,250.00,500.00,250,125
697,2048964,250.00,500.00,250,125
698,2048918,250.00,500.00,250,125
699,2049009,250.00,500.00,250,125
700,2046340,250.00,500.00,250,125
701,2046351,250.00,500.00,250,125
702,2052265,250.00,500.00,250,125
703,2041209,250.00,500.00,250,125
704,2052466,250.00,500.00,250,125
705,2046647,250.00,500.00,250,125
706,2046665,250.00,500.00,250,125
707,2047019,250.00,500.00,250,125
708,2044624,250.00,500.00,250,125
709,2044620,250.00,500.00,250,125
710,2044627,250.00,500.00,250,125
711,2044628,250.00,500.00,250,125
712,2044683,250.00,500.00,250,125
713,2044621,250.00,500.00,250,125
714,2044630,250.00,500.00,250,125
715,2044685,250.00,500.00,250,125
716,2055152,250.00,500.00,250,125
717,2069921,250.00,500.00,250,125
718,2053527,250.00,500.00,250,125
719,2054367,250.00,500.00,250,125
720,2054369,250.00,500.00,250,125
721,2054531,250.00,500.00,250,125
722,2054556,250.00,500.00,250,125
723,2054530,250.00,500.00,250,125
724,2054542,250.00,500.00,250,125
725,2054544,250.00,500.00,250,125
726,2055154,250.00,500.00,250,125
727,2054553,250.00,500.00,250,125
728,2048484,250.00,500.00,250,125
729,2054590,250.00,500.00,250,125
730,2046034,250.00,500.00,250,125
731,2054758,250.00,500.00,250,125
732,2112885,250.00,500.00,250,125
733,2054691,250.00,500.00,250,125
734,2054690,250.00,500.00,250,125
735,2054756,250.00,500.00,250,125
736,2054823,250.00,500.00,250,125
737,2054822,250.00,500.00,250,125
738,2048051,250.00,500.00,250,125
739,2073642,250.00,500.00,250,125
740,2054865,250.00,500.00,250,125
741,53537,500.00,750.00,250,125
742,41993,250.00,500.00,250,125
743,55009,250.00,500.00,250,125
744,2046853,250.00,500.00,250,125
745,2084502,250.00,500.00,250,125
746,2084499,250.00,500.00,250,125
747,2054853,250.00,500.00,250,125
748,2060668,250.00,500.00,250,125
749,2054867,250.00,500.00,250,125
750,2054852,250.00,500.00,250,125
751,2002056,350.25,600.00,249.75,125
752,2002041,50.50,300.00,249.5,125
753,2144412,1.00,250.00,249,125
754,2002257,10.00,250.00,240,125
755,2138246,10.00,250.00,240,125
756,2042361,363.00,600.00,237,125
757,2037265,18.70,250.00,231.3,125
758,2001244,370.00,600.00,230,125
759,2138219,270.00,500.00,230,125
760,2001823,377.80,600.00,222.2,125
761,2005232,200.00,400.00,200,125
762,2011017,400.00,600.00,200,125
763,2005237,200.00,400.00,200,125
764,2002413,50.00,250.00,200,125
765,2011907,50.00,250.00,200,125
766,2055665,400.00,600.00,200,125
767,2003419,100.00,300.00,200,125
768,2055786,600.00,800.00,200,125
769,2000949,200.00,400.00,200,125
770,2006027,300.00,500.00,200,125
771,19623,600.00,800.00,200,125
772,2078511,400.00,600.00,200,125
773,2000948,50.00,250.00,200,125
774,18382,400.00,600.00,200,125
775,2005120,200.00,400.00,200,125
776,2000351,400.00,600.00,200,125
777,2011152,400.00,600.00,200,125
778,2068589,550.00,750.00,200,125
779,2001174,400.00,600.00,200,125
780,2001722,400.00,600.00,200,125
781,2006467,400.00,600.00,200,125
782,2001300,400.00,600.00,200,125
783,2053611,400.00,600.00,200,125
784,2106432,50.00,250.00,200,125
785,2100929,600.00,800.00,200,125
786,2001397,50.00,250.00,200,125
787,2002545,1000.00,1200.00,200,125
788,2001519,50.00,250.00,200,125
789,2001251,50.00,250.00,200,125
790,2005075,200.00,400.00,200,125
791,2003510,50.00,250.00,200,125
792,2055649,400.00,600.00,200,125
793,2003731,550.00,750.00,200,125
794,2126921,300.00,500.00,200,125
795,51720,1000.00,1200.00,200,125
796,2002139,400.00,600.00,200,125
797,2037038,50.00,250.00,200,125
798,2004032,400.00,600.00,200,125
799,2001988,209.50,400.00,190.5,125
800,56219,63.00,250.00,187,125
801,2002154,120.00,300.00,180,125
802,2002161,125.00,300.00,175,125
803,2002067,75.00,250.00,175,125
804,2002077,75.00,250.00,175,125
805,2112021,340.00,500.00,160,125
806,2004317,90.00,250.00,160,125
807,2114816,90.00,250.00,160,125
808,2002040,150.00,300.00,150,125
809,2097415,100.00,250.00,150,125
810,2001113,100.00,250.00,150,125
811,51441,250.00,400.00,150,125
812,2099028,350.00,500.00,150,125
813,2063609,100.00,250.00,150,125
814,2013011,450.00,600.00,150,125
815,2120365,100.00,250.00,150,125
816,2063621,100.00,250.00,150,125
817,2064226,250.00,400.00,150,125
818,2002422,100.00,250.00,150,125
819,2013596,250.00,400.00,150,125
820,2143149,100.00,250.00,150,125
821,2097417,100.00,250.00,150,125
822,2106455,100.00,250.00,150,125
823,2145082,100.00,250.00,150,125
824,2002447,100.00,250.00,150,125
825,2044976,100.00,250.00,150,125
826,2057885,100.00,250.00,150,125
827,2045183,100.00,250.00,150,125
828,2003506,100.00,250.00,150,125
829,2005683,100.00,250.00,150,125
830,2136164,100.00,250.00,150,125
831,2106464,100.00,250.00,150,125
832,2114302,100.00,250.00,150,125
833,2038323,250.00,400.00,150,125
834,2145146,100.00,250.00,150,125
835,2110669,100.00,250.00,150,125
836,2000331,50.00,200.00,150,125
837,2145176,100.00,250.00,150,125
838,2009990,100.00,250.00,150,125
839,2002028,455.50,600.00,144.5,125
840,2113027,110.00,250.00,140,125
841,2054672,111.00,250.00,139,125
842,2111209,364.00,500.00,136,125
843,2002271,124.00,250.00,126,125
844,2002258,124.00,250.00,126,125
845,2146965,125.00,250.00,125,125
846,2141930,125.00,250.00,125,125
847,2141927,125.00,250.00,125,125
848,2147173,125.00,250.00,125,125
849,2147024,125.00,250.00,125,125
850,2147027,125.00,250.00,125,125
851,2147141,125.00,250.00,125,125
852,2147140,125.00,250.00,125,125
853,2147178,125.00,250.00,125,125
854,2147289,125.00,250.00,125,125
855,2147285,125.00,250.00,125,125
856,2142074,125.00,250.00,125,125
857,2144071,125.00,250.00,125,125
858,2144157,125.00,250.00,125,125
859,2144161,125.00,250.00,125,125
860,2142076,125.00,250.00,125,125
861,2144068,125.00,250.00,125,125
862,2147331,125.00,250.00,125,125
863,2147335,125.00,250.00,125,125
864,2142150,125.00,250.00,125,125
865,2119029,125.00,250.00,125,125
866,2150327,125.00,250.00,125,125
867,2142189,125.00,250.00,125,125
868,2142318,125.00,250.00,125,125
869,2142194,125.00,250.00,125,125
870,2142384,125.00,250.00,125,125
871,2142420,125.00,250.00,125,125
872,2142423,125.00,250.00,125,125
873,2142321,125.00,250.00,125,125
874,2142388,125.00,250.00,125,125
875,2144282,125.00,250.00,125,125
876,2144285,125.00,250.00,125,125
877,2147609,125.00,250.00,125,125
878,2144360,125.00,250.00,125,125
879,2144332,125.00,250.00,125,125
880,2144336,125.00,250.00,125,125
881,2150331,125.00,250.00,125,125
882,2147556,125.00,250.00,125,125
883,2147552,125.00,250.00,125,125
884,2156644,125.00,250.00,125,125
885,2150652,125.00,250.00,125,125
886,2150414,125.00,250.00,125,125
887,2150408,125.00,250.00,125,125
888,2144362,125.00,250.00,125,125
889,2156646,125.00,250.00,125,125
890,2147607,125.00,250.00,125,125
891,2144400,125.00,250.00,125,125
892,2153805,125.00,250.00,125,125
893,2144403,125.00,250.00,125,125
894,2147772,125.00,250.00,125,125
895,2147892,125.00,250.00,125,125
896,2144516,125.00,250.00,125,125
897,2147767,125.00,250.00,125,125
898,2144513,125.00,250.00,125,125
899,2144561,125.00,250.00,125,125
900,2143042,125.00,250.00,125,125
901,2147857,125.00,250.00,125,125
902,2147854,125.00,250.00,125,125
903,2150772,125.00,250.00,125,125
904,2147817,125.00,250.00,125,125
905,2147815,125.00,250.00,125,125
906,2147896,125.00,250.00,125,125
907,2144557,125.00,250.00,125,125
908,2150768,125.00,250.00,125,125
909,2147931,125.00,250.00,125,125
910,2147934,125.00,250.00,125,125
911,2150841,125.00,250.00,125,125
912,2150845,125.00,250.00,125,125
913,2148221,125.00,250.00,125,125
914,2148224,125.00,250.00,125,125
915,2151094,125.00,250.00,125,125
916,2145096,125.00,250.00,125,125
917,2145099,125.00,250.00,125,125
918,2151091,125.00,250.00,125,125
919,2151059,125.00,250.00,125,125
920,2151061,125.00,250.00,125,125
921,2154247,125.00,250.00,125,125
922,2154243,125.00,250.00,125,125
923,2151161,125.00,250.00,125,125
924,2148598,125.00,250.00,125,125
925,2145157,125.00,250.00,125,125
926,2148683,125.00,250.00,125,125
927,2151167,125.00,250.00,125,125
928,2145154,125.00,250.00,125,125
929,2148600,125.00,250.00,125,125
930,2151202,125.00,250.00,125,125
931,2151208,125.00,250.00,125,125
932,2148681,125.00,250.00,125,125
933,2145292,125.00,250.00,125,125
934,2145295,125.00,250.00,125,125
935,2145458,125.00,250.00,125,125
936,2145456,125.00,250.00,125,125
937,2154426,125.00,250.00,125,125
938,2149287,125.00,250.00,125,125
939,2149400,125.00,250.00,125,125
940,2149285,125.00,250.00,125,125
941,2149404,125.00,250.00,125,125
942,2151655,125.00,250.00,125,125
943,2151692,125.00,250.00,125,125
944,2154427,125.00,250.00,125,125
945,2151649,125.00,250.00,125,125
946,2151698,125.00,250.00,125,125
947,2151736,125.00,250.00,125,125
948,2151731,125.00,250.00,125,125
949,2154608,125.00,250.00,125,125
950,2154583,125.00,250.00,125,125
951,2154573,125.00,250.00,125,125
952,2154614,125.00,250.00,125,125
953,2156950,125.00,250.00,125,125
954,2156947,125.00,250.00,125,125
955,2154780,125.00,250.00,125,125
956,2154782,125.00,250.00,125,125
957,2157086,125.00,250.00,125,125
958,2157089,125.00,250.00,125,125
959,2154817,125.00,250.00,125,125
960,2154825,125.00,250.00,125,125
961,2157273,125.00,250.00,125,125
962,2152141,125.00,250.00,125,125
963,2152144,125.00,250.00,125,125
964,2157270,125.00,250.00,125,125
965,2152202,125.00,250.00,125,125
966,2152209,125.00,250.00,125,125
967,2155288,125.00,250.00,125,125
968,2155290,125.00,250.00,125,125
969,2152437,125.00,250.00,125,125
970,2152430,125.00,250.00,125,125
971,2152555,125.00,250.00,125,125
972,2157307,125.00,250.00,125,125
973,2157312,125.00,250.00,125,125
974,2152563,125.00,250.00,125,125
975,2157349,125.00,250.00,125,125
976,2157354,125.00,250.00,125,125
977,2085369,125.00,250.00,125,125
978,2085371,125.00,250.00,125,125
979,2081627,125.00,250.00,125,125
980,2081633,125.00,250.00,125,125
981,2060134,125.00,250.00,125,125
982,2059236,125.00,250.00,125,125
983,2157435,125.00,250.00,125,125
984,2157437,125.00,250.00,125,125
985,2155657,125.00,250.00,125,125
986,2155651,125.00,250.00,125,125
987,2155854,125.00,250.00,125,125
988,2155861,125.00,250.00,125,125
989,2156153,125.00,250.00,125,125
990,2156146,125.00,250.00,125,125
991,2067102,125.00,250.00,125,125
992,2065288,125.00,250.00,125,125
993,2156188,125.00,250.00,125,125
994,2157834,125.00,250.00,125,125
995,2156194,125.00,250.00,125,125
996,2157837,125.00,250.00,125,125
997,2096093,125.00,250.00,125,125
998,2075462,125.00,250.00,125,125
999,2075467,125.00,250.00,125,125
1000,2075526,125.00,250.00,125,125
1001,2075797,125.00,250.00,125,125
1002,2075805,125.00,250.00,125,125
1003,2075810,125.00,250.00,125,125
1004,2075815,125.00,250.00,125,125
1005,2075819,125.00,250.00,125,125
1006,2081823,125.00,250.00,125,125
1007,2156463,125.00,250.00,125,125
1008,2156468,125.00,250.00,125,125
1009,2158123,125.00,250.00,125,125
1010,2158120,125.00,250.00,125,125
1011,2075825,125.00,250.00,125,125
1012,2075830,125.00,250.00,125,125
1013,2158270,125.00,250.00,125,125
1014,2158266,125.00,250.00,125,125
1015,2158397,125.00,250.00,125,125
1016,2158393,125.00,250.00,125,125
1017,2081826,125.00,250.00,125,125
1018,2085496,125.00,250.00,125,125
1019,2085499,125.00,250.00,125,125
1020,2078573,125.00,250.00,125,125
1021,2078576,125.00,250.00,125,125
1022,2075938,125.00,250.00,125,125
1023,2075935,125.00,250.00,125,125
1024,2078658,125.00,250.00,125,125
1025,2075946,125.00,250.00,125,125
1026,2075950,125.00,250.00,125,125
1027,2078674,125.00,250.00,125,125
1028,2081913,125.00,250.00,125,125
1029,2081911,125.00,250.00,125,125
1030,2076038,125.00,250.00,125,125
1031,2076041,125.00,250.00,125,125
1032,2076075,125.00,250.00,125,125
1033,2081946,125.00,250.00,125,125
1034,2076080,125.00,250.00,125,125
1035,2078813,125.00,250.00,125,125
1036,2078815,125.00,250.00,125,125
1037,2076164,125.00,250.00,125,125
1038,2076166,125.00,250.00,125,125
1039,2074187,125.00,250.00,125,125
1040,2079009,125.00,250.00,125,125
1041,2074190,125.00,250.00,125,125
1042,2076179,125.00,250.00,125,125
1043,2076184,125.00,250.00,125,125
1044,2079045,125.00,250.00,125,125
1045,2074265,125.00,250.00,125,125
1046,2079015,125.00,250.00,125,125
1047,2074267,125.00,250.00,125,125
1048,2079042,125.00,250.00,125,125
1049,2076200,125.00,250.00,125,125
1050,2076205,125.00,250.00,125,125
1051,2079249,125.00,250.00,125,125
1052,2079217,125.00,250.00,125,125
1053,2079251,125.00,250.00,125,125
1054,2076294,125.00,250.00,125,125
1055,2076212,125.00,250.00,125,125
1056,2076214,125.00,250.00,125,125
1057,2076292,125.00,250.00,125,125
1058,2074292,125.00,250.00,125,125
1059,2074297,125.00,250.00,125,125
1060,2079221,125.00,250.00,125,125
1061,2082186,125.00,250.00,125,125
1062,2079286,125.00,250.00,125,125
1063,2082300,125.00,250.00,125,125
1064,2079288,125.00,250.00,125,125
1065,2074306,125.00,250.00,125,125
1066,2074312,125.00,250.00,125,125
1067,2082203,125.00,250.00,125,125
1068,2074500,125.00,250.00,125,125
1069,2074504,125.00,250.00,125,125
1070,2082208,125.00,250.00,125,125
1071,2082191,125.00,250.00,125,125
1072,2079352,125.00,250.00,125,125
1073,2079354,125.00,250.00,125,125
1074,2074639,125.00,250.00,125,125
1075,2074641,125.00,250.00,125,125
1076,2076517,125.00,250.00,125,125
1077,2076532,125.00,250.00,125,125
1078,2076538,125.00,250.00,125,125
1079,2074692,125.00,250.00,125,125
1080,2076509,125.00,250.00,125,125
1081,2076548,125.00,250.00,125,125
1082,2076542,125.00,250.00,125,125
1083,2076511,125.00,250.00,125,125
1084,2076583,125.00,250.00,125,125
1085,2074695,125.00,250.00,125,125
1086,2076586,125.00,250.00,125,125
1087,2076528,125.00,250.00,125,125
1088,2076522,125.00,250.00,125,125
1089,2076551,125.00,250.00,125,125
1090,2076563,125.00,250.00,125,125
1091,2085704,125.00,250.00,125,125
1092,2074727,125.00,250.00,125,125
1093,2076574,125.00,250.00,125,125
1094,2082313,125.00,250.00,125,125
1095,2074730,125.00,250.00,125,125
1096,2076595,125.00,250.00,125,125
1097,2076593,125.00,250.00,125,125
1098,2079768,125.00,250.00,125,125
1099,2076614,125.00,250.00,125,125
1100,2076620,125.00,250.00,125,125
1101,2079762,125.00,250.00,125,125
1102,2074794,125.00,250.00,125,125
1103,2076820,125.00,250.00,125,125
1104,2074799,125.00,250.00,125,125
1105,2076826,125.00,250.00,125,125
1106,2074832,125.00,250.00,125,125
1107,2092473,125.00,250.00,125,125
1108,2074836,125.00,250.00,125,125
1109,2082327,125.00,250.00,125,125
1110,2092476,125.00,250.00,125,125
1111,2082329,125.00,250.00,125,125
1112,2074848,125.00,250.00,125,125
1113,2074853,125.00,250.00,125,125
1114,2082343,125.00,250.00,125,125
1115,2074857,125.00,250.00,125,125
1116,2074862,125.00,250.00,125,125
1117,2074983,125.00,250.00,125,125
1118,2074986,125.00,250.00,125,125
1119,2075106,125.00,250.00,125,125
1120,2077519,125.00,250.00,125,125
1121,2077581,125.00,250.00,125,125
1122,2075110,125.00,250.00,125,125
1123,2077518,125.00,250.00,125,125
1124,2077605,125.00,250.00,125,125
1125,2077582,125.00,250.00,125,125
1126,2077592,125.00,250.00,125,125
1127,2082385,125.00,250.00,125,125
1128,2077590,125.00,250.00,125,125
1129,2077606,125.00,250.00,125,125
1130,2080136,125.00,250.00,125,125
1131,2085812,125.00,250.00,125,125
1132,2085814,125.00,250.00,125,125
1133,2080281,125.00,250.00,125,125
1134,2080287,125.00,250.00,125,125
1135,2080138,125.00,250.00,125,125
1136,2080148,125.00,250.00,125,125
1137,2080150,125.00,250.00,125,125
1138,2080606,125.00,250.00,125,125
1139,2080602,125.00,250.00,125,125
1140,2080704,125.00,250.00,125,125
1141,2082730,125.00,250.00,125,125
1142,2080915,125.00,250.00,125,125
1143,2080833,125.00,250.00,125,125
1144,2080903,125.00,250.00,125,125
1145,2080836,125.00,250.00,125,125
1146,2082728,125.00,250.00,125,125
1147,2080901,125.00,250.00,125,125
1148,2080877,125.00,250.00,125,125
1149,2082766,125.00,250.00,125,125
1150,2080871,125.00,250.00,125,125
1151,2082764,125.00,250.00,125,125
1152,2082894,125.00,250.00,125,125
1153,2082896,125.00,250.00,125,125
1154,2080959,125.00,250.00,125,125
1155,2080955,125.00,250.00,125,125
1156,2086015,125.00,250.00,125,125
1157,2089400,125.00,250.00,125,125
1158,2089395,125.00,250.00,125,125
1159,2081181,125.00,250.00,125,125
1160,2081178,125.00,250.00,125,125
1161,2083188,125.00,250.00,125,125
1162,2081447,125.00,250.00,125,125
1163,2092587,125.00,250.00,125,125
1164,2092588,125.00,250.00,125,125
1165,2081524,125.00,250.00,125,125
1166,2081449,125.00,250.00,125,125
1167,2081517,125.00,250.00,125,125
1168,2089653,125.00,250.00,125,125
1169,2083264,125.00,250.00,125,125
1170,2083266,125.00,250.00,125,125
1171,2092608,125.00,250.00,125,125
1172,2083430,125.00,250.00,125,125
1173,2086595,125.00,250.00,125,125
1174,2089562,125.00,250.00,125,125
1175,2083427,125.00,250.00,125,125
1176,2086598,125.00,250.00,125,125
1177,2096280,125.00,250.00,125,125
1178,2086552,125.00,250.00,125,125
1179,2086547,125.00,250.00,125,125
1180,2083551,125.00,250.00,125,125
1181,2083547,125.00,250.00,125,125
1182,2086718,125.00,250.00,125,125
1183,2083733,125.00,250.00,125,125
1184,2086720,125.00,250.00,125,125
1185,2086738,125.00,250.00,125,125
1186,2086733,125.00,250.00,125,125
1187,2084252,125.00,250.00,125,125
1188,2086810,125.00,250.00,125,125
1189,2084249,125.00,250.00,125,125
1190,2086807,125.00,250.00,125,125
1191,2083856,125.00,250.00,125,125
1192,2084294,125.00,250.00,125,125
1193,2084291,125.00,250.00,125,125
1194,2083854,125.00,250.00,125,125
1195,2086837,125.00,250.00,125,125
1196,2083876,125.00,250.00,125,125
1197,2083877,125.00,250.00,125,125
1198,2092697,125.00,250.00,125,125
1199,2092699,125.00,250.00,125,125
1200,2089661,125.00,250.00,125,125
1201,2086899,125.00,250.00,125,125
1202,2086896,125.00,250.00,125,125
1203,2084724,125.00,250.00,125,125
1204,2084726,125.00,250.00,125,125
1205,2089971,125.00,250.00,125,125
1206,2089976,125.00,250.00,125,125
1207,2044597,125.00,250.00,125,125
1208,2084878,125.00,250.00,125,125
1209,2084882,125.00,250.00,125,125
1210,2087137,125.00,250.00,125,125
1211,2087080,125.00,250.00,125,125
1212,2087132,125.00,250.00,125,125
1213,2085108,125.00,250.00,125,125
1214,2085110,125.00,250.00,125,125
1215,2087082,125.00,250.00,125,125
1216,2096363,125.00,250.00,125,125
1217,2096367,125.00,250.00,125,125
1218,2087192,125.00,250.00,125,125
1219,2087194,125.00,250.00,125,125
1220,2092837,125.00,250.00,125,125
1221,2096472,125.00,250.00,125,125
1222,2092839,125.00,250.00,125,125
1223,2092867,125.00,250.00,125,125
1224,2087422,125.00,250.00,125,125
1225,2087419,125.00,250.00,125,125
1226,2092865,125.00,250.00,125,125
1227,2096470,125.00,250.00,125,125
1228,2087737,125.00,250.00,125,125
1229,2087698,125.00,250.00,125,125
1230,2087690,125.00,250.00,125,125
1231,2087702,125.00,250.00,125,125
1232,2087688,125.00,250.00,125,125
1233,2087855,125.00,250.00,125,125
1234,2090647,125.00,250.00,125,125
1235,2092996,125.00,250.00,125,125
1236,2096540,125.00,250.00,125,125
1237,2096545,125.00,250.00,125,125
1238,2092998,125.00,250.00,125,125
1239,2090663,125.00,250.00,125,125
1240,2096593,125.00,250.00,125,125
1241,2090668,125.00,250.00,125,125
1242,2090708,125.00,250.00,125,125
1243,2090703,125.00,250.00,125,125
1244,2090686,125.00,250.00,125,125
1245,2088256,125.00,250.00,125,125
1246,2096616,125.00,250.00,125,125
1247,2096618,125.00,250.00,125,125
1248,2090804,125.00,250.00,125,125
1249,2090728,125.00,250.00,125,125
1250,2088294,125.00,250.00,125,125
1251,2088300,125.00,250.00,125,125
1252,2090802,125.00,250.00,125,125
1253,2093122,125.00,250.00,125,125
1254,2093126,125.00,250.00,125,125
1255,2090852,125.00,250.00,125,125
1256,2090854,125.00,250.00,125,125
1257,2088590,125.00,250.00,125,125
1258,2093165,125.00,250.00,125,125
1259,2088614,125.00,250.00,125,125
1260,2093167,125.00,250.00,125,125
1261,2088965,125.00,250.00,125,125
1262,2088970,125.00,250.00,125,125
1263,2091099,125.00,250.00,125,125
1264,2091188,125.00,250.00,125,125
1265,2093314,125.00,250.00,125,125
1266,2091318,125.00,250.00,125,125
1267,2091319,125.00,250.00,125,125
1268,2091668,125.00,250.00,125,125
1269,2093740,125.00,250.00,125,125
1270,2093745,125.00,250.00,125,125
1271,2091665,125.00,250.00,125,125
1272,2096997,125.00,250.00,125,125
1273,2096996,125.00,250.00,125,125
1274,2110659,125.00,250.00,125,125
1275,2095197,125.00,250.00,125,125
1276,2095201,125.00,250.00,125,125
1277,2095334,125.00,250.00,125,125
1278,2095463,125.00,250.00,125,125
1279,2095468,125.00,250.00,125,125
1280,2095640,125.00,250.00,125,125
1281,2095742,125.00,250.00,125,125
1282,2095745,125.00,250.00,125,125
1283,2044626,125.00,250.00,125,125
1284,2044702,125.00,250.00,125,125
1285,2094603,125.00,250.00,125,125
1286,2100904,125.00,250.00,125,125
1287,2101144,125.00,250.00,125,125
1288,2142147,125.00,250.00,125,125
1289,54254,125.00,250.00,125,125
1290,2001098,125.00,250.00,125,125
1291,2000072,125.00,250.00,125,125
1292,2000350,125.00,250.00,125,125
1293,2000349,125.00,250.00,125,125
1294,2002187,125.00,250.00,125,125
1295,2002182,125.00,250.00,125,125
1296,2005105,125.00,250.00,125,125
1297,2005119,125.00,250.00,125,125
1298,2104770,125.00,250.00,125,125
1299,2097148,125.00,250.00,125,125
1300,2129576,125.00,250.00,125,125
1301,2097203,125.00,250.00,125,125
1302,2097146,125.00,250.00,125,125
1303,2097206,125.00,250.00,125,125
1304,2097269,125.00,250.00,125,125
1305,2097271,125.00,250.00,125,125
1306,2104795,125.00,250.00,125,125
1307,2101173,125.00,250.00,125,125
1308,2101147,125.00,250.00,125,125
1309,2104793,125.00,250.00,125,125
1310,2101170,125.00,250.00,125,125
1311,2097441,125.00,250.00,125,125
1312,2097438,125.00,250.00,125,125
1313,2110658,125.00,250.00,125,125
1314,2094058,125.00,250.00,125,125
1315,2092127,125.00,250.00,125,125
1316,2092124,125.00,250.00,125,125
1317,2094011,125.00,250.00,125,125
1318,2053973,125.00,250.00,125,125
1319,2094083,125.00,250.00,125,125
1320,2094085,125.00,250.00,125,125
1321,2092231,125.00,250.00,125,125
1322,2092232,125.00,250.00,125,125
1323,2092264,125.00,250.00,125,125
1324,2092266,125.00,250.00,125,125
1325,2094604,125.00,250.00,125,125
1326,2095085,125.00,250.00,125,125
1327,2095088,125.00,250.00,125,125
1328,2095241,125.00,250.00,125,125
1329,2095246,125.00,250.00,125,125
1330,2095338,125.00,250.00,125,125
1331,2095582,125.00,250.00,125,125
1332,2095637,125.00,250.00,125,125
1333,2095586,125.00,250.00,125,125
1334,2044603,125.00,250.00,125,125
1335,2053947,125.00,250.00,125,125
1336,2009445,125.00,250.00,125,125
1337,2002185,125.00,250.00,125,125
1338,2003917,125.00,250.00,125,125
1339,2003918,125.00,250.00,125,125
1340,2003794,125.00,250.00,125,125
1341,2003921,125.00,250.00,125,125
1342,2104900,125.00,250.00,125,125
1343,2104902,125.00,250.00,125,125
1344,2101344,125.00,250.00,125,125
1345,2101446,125.00,250.00,125,125
1346,2097644,125.00,250.00,125,125
1347,2101449,125.00,250.00,125,125
1348,2101347,125.00,250.00,125,125
1349,2097645,125.00,250.00,125,125
1350,2101506,125.00,250.00,125,125
1351,2101539,125.00,250.00,125,125
1352,2101479,125.00,250.00,125,125
1353,2101537,125.00,250.00,125,125
1354,2104967,125.00,250.00,125,125
1355,2104965,125.00,250.00,125,125
1356,2101508,125.00,250.00,125,125
1357,2101712,125.00,250.00,125,125
1358,2101710,125.00,250.00,125,125
1359,2108015,125.00,250.00,125,125
1360,2108018,125.00,250.00,125,125
1361,2089529,125.00,250.00,125,125
1362,2098083,125.00,250.00,125,125
1363,2098084,125.00,250.00,125,125
1364,2108044,125.00,250.00,125,125
1365,2108047,125.00,250.00,125,125
1366,2102040,125.00,250.00,125,125
1367,2102038,125.00,250.00,125,125
1368,2102176,125.00,250.00,125,125
1369,2098575,125.00,250.00,125,125
1370,2098413,125.00,250.00,125,125
1371,2098576,125.00,250.00,125,125
1372,2098411,125.00,250.00,125,125
1373,2098452,125.00,250.00,125,125
1374,2098450,125.00,250.00,125,125
1375,2102057,125.00,250.00,125,125
1376,2102059,125.00,250.00,125,125
1377,2102122,125.00,250.00,125,125
1378,2102124,125.00,250.00,125,125
1379,2102152,125.00,250.00,125,125
1380,2102091,125.00,250.00,125,125
1381,2102093,125.00,250.00,125,125
1382,2098857,125.00,250.00,125,125
1383,2098878,125.00,250.00,125,125
1384,2098858,125.00,250.00,125,125
1385,2102150,125.00,250.00,125,125
1386,2102178,125.00,250.00,125,125
1387,2110742,125.00,250.00,125,125
1388,2110738,125.00,250.00,125,125
1389,2098881,125.00,250.00,125,125
1390,2102205,125.00,250.00,125,125
1391,2102206,125.00,250.00,125,125
1392,2098973,125.00,250.00,125,125
1393,2105312,125.00,250.00,125,125
1394,2105314,125.00,250.00,125,125
1395,2102230,125.00,250.00,125,125
1396,2098976,125.00,250.00,125,125
1397,2102232,125.00,250.00,125,125
1398,2110822,125.00,250.00,125,125
1399,2110825,125.00,250.00,125,125
1400,2102261,125.00,250.00,125,125
1401,2102262,125.00,250.00,125,125
1402,2099197,125.00,250.00,125,125
1403,2099194,125.00,250.00,125,125
1404,2105363,125.00,250.00,125,125
1405,2122006,125.00,250.00,125,125
1406,2099291,125.00,250.00,125,125
1407,2122015,125.00,250.00,125,125
1408,2105365,125.00,250.00,125,125
1409,2099294,125.00,250.00,125,125
1410,2105407,125.00,250.00,125,125
1411,2105409,125.00,250.00,125,125
1412,2099757,125.00,250.00,125,125
1413,2099760,125.00,250.00,125,125
1414,2099813,125.00,250.00,125,125
1415,2099818,125.00,250.00,125,125
1416,2129615,125.00,250.00,125,125
1417,2129618,125.00,250.00,125,125
1418,2103032,125.00,250.00,125,125
1419,2103030,125.00,250.00,125,125
1420,2100188,125.00,250.00,125,125
1421,2100191,125.00,250.00,125,125
1422,2125701,125.00,250.00,125,125
1423,2100389,125.00,250.00,125,125
1424,2100394,125.00,250.00,125,125
1425,2103061,125.00,250.00,125,125
1426,2054429,125.00,250.00,125,125
1427,2103059,125.00,250.00,125,125
1428,2105681,125.00,250.00,125,125
1429,2108484,125.00,250.00,125,125
1430,2108455,125.00,250.00,125,125
1431,2105682,125.00,250.00,125,125
1432,2108457,125.00,250.00,125,125
1433,2108482,125.00,250.00,125,125
1434,2100612,125.00,250.00,125,125
1435,2100656,125.00,250.00,125,125
1436,2100615,125.00,250.00,125,125
1437,2100659,125.00,250.00,125,125
1438,2103256,125.00,250.00,125,125
1439,2103258,125.00,250.00,125,125
1440,2122041,125.00,250.00,125,125
1441,2122048,125.00,250.00,125,125
1442,2105727,125.00,250.00,125,125
1443,2105729,125.00,250.00,125,125
1444,2100694,125.00,250.00,125,125
1445,2100698,125.00,250.00,125,125
1446,2103396,125.00,250.00,125,125
1447,2103394,125.00,250.00,125,125
1448,2100768,125.00,250.00,125,125
1449,2100772,125.00,250.00,125,125
1450,2108582,125.00,250.00,125,125
1451,2100908,125.00,250.00,125,125
1452,2108587,125.00,250.00,125,125
1453,2103455,125.00,250.00,125,125
1454,2075202,125.00,250.00,125,125
1455,2075207,125.00,250.00,125,125
1456,2105856,125.00,250.00,125,125
1457,2103457,125.00,250.00,125,125
1458,2114727,125.00,250.00,125,125
1459,2114729,125.00,250.00,125,125
1460,2105854,125.00,250.00,125,125
1461,2103507,125.00,250.00,125,125
1462,2103505,125.00,250.00,125,125
1463,2103732,125.00,250.00,125,125
1464,2105996,125.00,250.00,125,125
1465,2105992,125.00,250.00,125,125
1466,2103730,125.00,250.00,125,125
1467,2114775,125.00,250.00,125,125
1468,2103760,125.00,250.00,125,125
1469,2103761,125.00,250.00,125,125
1470,2106240,125.00,250.00,125,125
1471,2111077,125.00,250.00,125,125
1472,2111079,125.00,250.00,125,125
1473,2106237,125.00,250.00,125,125
1474,2114778,125.00,250.00,125,125
1475,2103887,125.00,250.00,125,125
1476,2103888,125.00,250.00,125,125
1477,2122076,125.00,250.00,125,125
1478,2122082,125.00,250.00,125,125
1479,2104032,125.00,250.00,125,125
1480,2142519,125.00,250.00,125,125
1481,2104036,125.00,250.00,125,125
1482,2106406,125.00,250.00,125,125
1483,2111149,125.00,250.00,125,125
1484,2106404,125.00,250.00,125,125
1485,2111147,125.00,250.00,125,125
1486,2104216,125.00,250.00,125,125
1487,2142524,125.00,250.00,125,125
1488,2104214,125.00,250.00,125,125
1489,2106477,125.00,250.00,125,125
1490,2106441,125.00,250.00,125,125
1491,2125749,125.00,250.00,125,125
1492,2125750,125.00,250.00,125,125
1493,2106443,125.00,250.00,125,125
1494,2104246,125.00,250.00,125,125
1495,2106475,125.00,250.00,125,125
1496,2104244,125.00,250.00,125,125
1497,2106569,125.00,250.00,125,125
1498,2106567,125.00,250.00,125,125
1499,2111228,125.00,250.00,125,125
1500,2111231,125.00,250.00,125,125
1501,2104379,125.00,250.00,125,125
1502,2111262,125.00,250.00,125,125
1503,2111242,125.00,250.00,125,125
1504,2106702,125.00,250.00,125,125
1505,2104377,125.00,250.00,125,125
1506,2106718,125.00,250.00,125,125
1507,2106704,125.00,250.00,125,125
1508,2114903,125.00,250.00,125,125
1509,2114905,125.00,250.00,125,125
1510,2109187,125.00,250.00,125,125
1511,2109184,125.00,250.00,125,125
1512,2109215,125.00,250.00,125,125
1513,2109218,125.00,250.00,125,125
1514,2106884,125.00,250.00,125,125
1515,2106917,125.00,250.00,125,125
1516,2109251,125.00,250.00,125,125
1517,2106886,125.00,250.00,125,125
1518,2104524,125.00,250.00,125,125
1519,2104526,125.00,250.00,125,125
1520,2109248,125.00,250.00,125,125
1521,2111350,125.00,250.00,125,125
1522,2106919,125.00,250.00,125,125
1523,2109276,125.00,250.00,125,125
1524,2109279,125.00,250.00,125,125
1525,2111348,125.00,250.00,125,125
1526,2114953,125.00,250.00,125,125
1527,2114950,125.00,250.00,125,125
1528,2104640,125.00,250.00,125,125
1529,2104744,125.00,250.00,125,125
1530,2104745,125.00,250.00,125,125
1531,2104638,125.00,250.00,125,125
1532,2104690,125.00,250.00,125,125
1533,2107021,125.00,250.00,125,125
1534,2107022,125.00,250.00,125,125
1535,2106991,125.00,250.00,125,125
1536,2104713,125.00,250.00,125,125
1537,2106993,125.00,250.00,125,125
1538,2104665,125.00,250.00,125,125
1539,2114987,125.00,250.00,125,125
1540,2114989,125.00,250.00,125,125
1541,2104663,125.00,250.00,125,125
1542,2104715,125.00,250.00,125,125
1543,2104688,125.00,250.00,125,125
1544,2107272,125.00,250.00,125,125
1545,2101482,125.00,250.00,125,125
1546,2107052,125.00,250.00,125,125
1547,2107054,125.00,250.00,125,125
1548,2107274,125.00,250.00,125,125
1549,2104768,125.00,250.00,125,125
1550,2096090,125.00,250.00,125,125
1551,2109370,125.00,250.00,125,125
1552,2109394,125.00,250.00,125,125
1553,2107313,125.00,250.00,125,125
1554,2107315,125.00,250.00,125,125
1555,2109373,125.00,250.00,125,125
1556,2149609,125.00,250.00,125,125
1557,2107421,125.00,250.00,125,125
1558,2107423,125.00,250.00,125,125
1559,2107449,125.00,250.00,125,125
1560,2118680,125.00,250.00,125,125
1561,2118684,125.00,250.00,125,125
1562,2107451,125.00,250.00,125,125
1563,2107555,125.00,250.00,125,125
1564,2107558,125.00,250.00,125,125
1565,2111826,125.00,250.00,125,125
1566,2107686,125.00,250.00,125,125
1567,2107690,125.00,250.00,125,125
1568,2111824,125.00,250.00,125,125
1569,2107720,125.00,250.00,125,125
1570,2107718,125.00,250.00,125,125
1571,2110156,125.00,250.00,125,125
1572,2110159,125.00,250.00,125,125
1573,2075531,125.00,250.00,125,125
1574,2111980,125.00,250.00,125,125
1575,2111971,125.00,250.00,125,125
1576,2110334,125.00,250.00,125,125
1577,2107807,125.00,250.00,125,125
1578,2110336,125.00,250.00,125,125
1579,2115277,125.00,250.00,125,125
1580,2115261,125.00,250.00,125,125
1581,2115263,125.00,250.00,125,125
1582,2107809,125.00,250.00,125,125
1583,2115282,125.00,250.00,125,125
1584,2118811,125.00,250.00,125,125
1585,2115308,125.00,250.00,125,125
1586,2110444,125.00,250.00,125,125
1587,2110445,125.00,250.00,125,125
1588,2115310,125.00,250.00,125,125
1589,2136308,125.00,250.00,125,125
1590,2110474,125.00,250.00,125,125
1591,2136312,125.00,250.00,125,125
1592,2110473,125.00,250.00,125,125
1593,2110511,125.00,250.00,125,125
1594,2118812,125.00,250.00,125,125
1595,2112275,125.00,250.00,125,125
1596,2112270,125.00,250.00,125,125
1597,2110512,125.00,250.00,125,125
1598,2112407,125.00,250.00,125,125
1599,2149607,125.00,250.00,125,125
1600,2112408,125.00,250.00,125,125
1601,2118855,125.00,250.00,125,125
1602,2118853,125.00,250.00,125,125
1603,2112515,125.00,250.00,125,125
1604,2118949,125.00,250.00,125,125
1605,2118952,125.00,250.00,125,125
1606,2112512,125.00,250.00,125,125
1607,2112513,125.00,250.00,125,125
1608,2112514,125.00,250.00,125,125
1609,2112674,125.00,250.00,125,125
1610,2112625,125.00,250.00,125,125
1611,2112680,125.00,250.00,125,125
1612,2112560,125.00,250.00,125,125
1613,2112563,125.00,250.00,125,125
1614,2112552,125.00,250.00,125,125
1615,2112556,125.00,250.00,125,125
1616,2075801,125.00,250.00,125,125
1617,2115754,125.00,250.00,125,125
1618,2115755,125.00,250.00,125,125
1619,2112626,125.00,250.00,125,125
1620,2112853,125.00,250.00,125,125
1621,2112857,125.00,250.00,125,125
1622,2115936,125.00,250.00,125,125
1623,2115902,125.00,250.00,125,125
1624,2115941,125.00,250.00,125,125
1625,2115903,125.00,250.00,125,125
1626,2125878,125.00,250.00,125,125
1627,2113011,125.00,250.00,125,125
1628,2125880,125.00,250.00,125,125
1629,2113013,125.00,250.00,125,125
1630,2113267,125.00,250.00,125,125
1631,2119024,125.00,250.00,125,125
1632,2113271,125.00,250.00,125,125
1633,2119081,125.00,250.00,125,125
1634,2119084,125.00,250.00,125,125
1635,2116091,125.00,250.00,125,125
1636,2116094,125.00,250.00,125,125
1637,2113309,125.00,250.00,125,125
1638,2113321,125.00,250.00,125,125
1639,2113333,125.00,250.00,125,125
1640,2113311,125.00,250.00,125,125
1641,2113314,125.00,250.00,125,125
1642,2113315,125.00,250.00,125,125
1643,2113319,125.00,250.00,125,125
1644,2113328,125.00,250.00,125,125
1645,2113322,125.00,250.00,125,125
1646,2113331,125.00,250.00,125,125
1647,2113327,125.00,250.00,125,125
1648,2113329,125.00,250.00,125,125
1649,2113390,125.00,250.00,125,125
1650,2113387,125.00,250.00,125,125
1651,2113326,125.00,250.00,125,125
1652,2113334,125.00,250.00,125,125
1653,2113317,125.00,250.00,125,125
1654,2113325,125.00,250.00,125,125
1655,2113584,125.00,250.00,125,125
1656,2113580,125.00,250.00,125,125
1657,2119172,125.00,250.00,125,125
1658,2113799,125.00,250.00,125,125
1659,2113804,125.00,250.00,125,125
1660,2119175,125.00,250.00,125,125
1661,2119142,125.00,250.00,125,125
1662,2119145,125.00,250.00,125,125
1663,2125911,125.00,250.00,125,125
1664,2114051,125.00,250.00,125,125
1665,2114053,125.00,250.00,125,125
1666,2114078,125.00,250.00,125,125
1667,2116283,125.00,250.00,125,125
1668,2114082,125.00,250.00,125,125
1669,2116289,125.00,250.00,125,125
1670,2081954,125.00,250.00,125,125
1671,2125910,125.00,250.00,125,125
1672,2114315,125.00,250.00,125,125
1673,2114269,125.00,250.00,125,125
1674,2119329,125.00,250.00,125,125
1675,2119334,125.00,250.00,125,125
1676,2114271,125.00,250.00,125,125
1677,2114345,125.00,250.00,125,125
1678,2114313,125.00,250.00,125,125
1679,2114342,125.00,250.00,125,125
1680,2076195,125.00,250.00,125,125
1681,2114465,125.00,250.00,125,125
1682,2076197,125.00,250.00,125,125
1683,2114469,125.00,250.00,125,125
1684,2119368,125.00,250.00,125,125
1685,2119413,125.00,250.00,125,125
1686,2116417,125.00,250.00,125,125
1687,2116418,125.00,250.00,125,125
1688,2119366,125.00,250.00,125,125
1689,2116443,125.00,250.00,125,125
1690,2119411,125.00,250.00,125,125
1691,2116445,125.00,250.00,125,125
1692,2119471,125.00,250.00,125,125
1693,2119475,125.00,250.00,125,125
1694,2116474,125.00,250.00,125,125
1695,2119444,125.00,250.00,125,125
1696,2119441,125.00,250.00,125,125
1697,2116471,125.00,250.00,125,125
1698,2125974,125.00,250.00,125,125
1699,2125970,125.00,250.00,125,125
1700,2119584,125.00,250.00,125,125
1701,2119587,125.00,250.00,125,125
1702,2116578,125.00,250.00,125,125
1703,2116580,125.00,250.00,125,125
1704,2119629,125.00,250.00,125,125
1705,2116796,125.00,250.00,125,125
1706,2119632,125.00,250.00,125,125
1707,2116798,125.00,250.00,125,125
1708,2122653,125.00,250.00,125,125
1709,2119671,125.00,250.00,125,125
1710,2122691,125.00,250.00,125,125
1711,2119668,125.00,250.00,125,125
1712,2122655,125.00,250.00,125,125
1713,2122718,125.00,250.00,125,125
1714,2122687,125.00,250.00,125,125
1715,2122721,125.00,250.00,125,125
1716,2119775,125.00,250.00,125,125
1717,2116894,125.00,250.00,125,125
1718,2116897,125.00,250.00,125,125
1719,2119749,125.00,250.00,125,125
1720,2085706,125.00,250.00,125,125
1721,2119714,125.00,250.00,125,125
1722,2119718,125.00,250.00,125,125
1723,2119778,125.00,250.00,125,125
1724,2119745,125.00,250.00,125,125
1725,2117249,125.00,250.00,125,125
1726,2082302,125.00,250.00,125,125
1727,2117266,125.00,250.00,125,125
1728,2082315,125.00,250.00,125,125
1729,2126230,125.00,250.00,125,125
1730,2117248,125.00,250.00,125,125
1731,2126219,125.00,250.00,125,125
1732,2117263,125.00,250.00,125,125
1733,2126229,125.00,250.00,125,125
1734,2120096,125.00,250.00,125,125
1735,2117367,125.00,250.00,125,125
1736,2117371,125.00,250.00,125,125
1737,2120095,125.00,250.00,125,125
1738,2126222,125.00,250.00,125,125
1739,2117409,125.00,250.00,125,125
1740,2117407,125.00,250.00,125,125
1741,2120112,125.00,250.00,125,125
1742,2120115,125.00,250.00,125,125
1743,2126327,125.00,250.00,125,125
1744,2122927,125.00,250.00,125,125
1745,2122923,125.00,250.00,125,125
1746,2082349,125.00,250.00,125,125
1747,2126288,125.00,250.00,125,125
1748,2126284,125.00,250.00,125,125
1749,2120252,125.00,250.00,125,125
1750,2120254,125.00,250.00,125,125
1751,2130024,125.00,250.00,125,125
1752,2117642,125.00,250.00,125,125
1753,2117639,125.00,250.00,125,125
1754,2130051,125.00,250.00,125,125
1755,2130023,125.00,250.00,125,125
1756,2126331,125.00,250.00,125,125
1757,2120309,125.00,250.00,125,125
1758,2082382,125.00,250.00,125,125
1759,2120312,125.00,250.00,125,125
1760,2123287,125.00,250.00,125,125
1761,2123329,125.00,250.00,125,125
1762,2123292,125.00,250.00,125,125
1763,2117786,125.00,250.00,125,125
1764,2117783,125.00,250.00,125,125
1765,2117970,125.00,250.00,125,125
1766,2117966,125.00,250.00,125,125
1767,2126364,125.00,250.00,125,125
1768,2126367,125.00,250.00,125,125
1769,2130052,125.00,250.00,125,125
1770,2123333,125.00,250.00,125,125
1771,2123448,125.00,250.00,125,125
1772,2080708,125.00,250.00,125,125
1773,2123454,125.00,250.00,125,125
1774,2082678,125.00,250.00,125,125
1775,2126468,125.00,250.00,125,125
1776,2126467,125.00,250.00,125,125
1777,2082685,125.00,250.00,125,125
1778,2123537,125.00,250.00,125,125
1779,2123581,125.00,250.00,125,125
1780,2123498,125.00,250.00,125,125
1781,2123516,125.00,250.00,125,125
1782,2120866,125.00,250.00,125,125
1783,2120865,125.00,250.00,125,125
1784,2080913,125.00,250.00,125,125
1785,2123497,125.00,250.00,125,125
1786,2120830,125.00,250.00,125,125
1787,2123521,125.00,250.00,125,125
1788,2123542,125.00,250.00,125,125
1789,2126799,125.00,250.00,125,125
1790,2120827,125.00,250.00,125,125
1791,2126729,125.00,250.00,125,125
1792,2126726,125.00,250.00,125,125
1793,2123620,125.00,250.00,125,125
1794,2123587,125.00,250.00,125,125
1795,2086013,125.00,250.00,125,125
1796,2123678,125.00,250.00,125,125
1797,2126888,125.00,250.00,125,125
1798,2126886,125.00,250.00,125,125
1799,2123681,125.00,250.00,125,125
1800,2126801,125.00,250.00,125,125
1801,2123624,125.00,250.00,125,125
1802,2123714,125.00,250.00,125,125
1803,2121206,125.00,250.00,125,125
1804,2123710,125.00,250.00,125,125
1805,2121212,125.00,250.00,125,125
1806,2083190,125.00,250.00,125,125
1807,2123811,125.00,250.00,125,125
1808,2123742,125.00,250.00,125,125
1809,2123744,125.00,250.00,125,125
1810,2121404,125.00,250.00,125,125
1811,2121401,125.00,250.00,125,125
1812,2123775,125.00,250.00,125,125
1813,2123777,125.00,250.00,125,125
1814,2123805,125.00,250.00,125,125
1815,2089525,125.00,250.00,125,125
1816,2121582,125.00,250.00,125,125
1817,2121586,125.00,250.00,125,125
1818,2121625,125.00,250.00,125,125
1819,2121621,125.00,250.00,125,125
1820,2092610,125.00,250.00,125,125
1821,2123923,125.00,250.00,125,125
1822,2123925,125.00,250.00,125,125
1823,2089556,125.00,250.00,125,125
1824,2126970,125.00,250.00,125,125
1825,2121968,125.00,250.00,125,125
1826,2126975,125.00,250.00,125,125
1827,2121828,125.00,250.00,125,125
1828,2121831,125.00,250.00,125,125
1829,2096276,125.00,250.00,125,125
1830,2121964,125.00,250.00,125,125
1831,2124028,125.00,250.00,125,125
1832,2124031,125.00,250.00,125,125
1833,2083729,125.00,250.00,125,125
1834,2124068,125.00,250.00,125,125
1835,2124070,125.00,250.00,125,125
1836,2124359,125.00,250.00,125,125
1837,2127203,125.00,250.00,125,125
1838,2124361,125.00,250.00,125,125
1839,2127207,125.00,250.00,125,125
1840,2124326,125.00,250.00,125,125
1841,2124329,125.00,250.00,125,125
1842,2124449,125.00,250.00,125,125
1843,2127349,125.00,250.00,125,125
1844,2124428,125.00,250.00,125,125
1845,2130310,125.00,250.00,125,125
1846,2124391,125.00,250.00,125,125
1847,2130314,125.00,250.00,125,125
1848,2124387,125.00,250.00,125,125
1849,2086841,125.00,250.00,125,125
1850,2127347,125.00,250.00,125,125
1851,2124453,125.00,250.00,125,125
1852,2124426,125.00,250.00,125,125
1853,2142628,125.00,250.00,125,125
1854,2130535,125.00,250.00,125,125
1855,2142631,125.00,250.00,125,125
1856,2124561,125.00,250.00,125,125
1857,2127451,125.00,250.00,125,125
1858,2130543,125.00,250.00,125,125
1859,2124654,125.00,250.00,125,125
1860,2133761,125.00,250.00,125,125
1861,2133762,125.00,250.00,125,125
1862,2124624,125.00,250.00,125,125
1863,2124650,125.00,250.00,125,125
1864,2127448,125.00,250.00,125,125
1865,2124553,125.00,250.00,125,125
1866,2124619,125.00,250.00,125,125
1867,2125697,125.00,250.00,125,125
1868,2124683,125.00,250.00,125,125
1869,2124680,125.00,250.00,125,125
1870,2124705,125.00,250.00,125,125
1871,2124710,125.00,250.00,125,125
1872,2130708,125.00,250.00,125,125
1873,2133912,125.00,250.00,125,125
1874,2133948,125.00,250.00,125,125
1875,2133918,125.00,250.00,125,125
1876,2130713,125.00,250.00,125,125
1877,2133952,125.00,250.00,125,125
1878,2124762,125.00,250.00,125,125
1879,2127641,125.00,250.00,125,125
1880,2124761,125.00,250.00,125,125
1881,2127686,125.00,250.00,125,125
1882,2127642,125.00,250.00,125,125
1883,2124836,125.00,250.00,125,125
1884,2124835,125.00,250.00,125,125
1885,2127688,125.00,250.00,125,125
1886,2125094,125.00,250.00,125,125
1887,2130903,125.00,250.00,125,125
1888,2130924,125.00,250.00,125,125
1889,2130998,125.00,250.00,125,125
1890,2131086,125.00,250.00,125,125
1891,2125095,125.00,250.00,125,125
1892,2001173,125.00,250.00,125,125
1893,2127992,125.00,250.00,125,125
1894,2127994,125.00,250.00,125,125
1895,2131000,125.00,250.00,125,125
1896,2125154,125.00,250.00,125,125
1897,2125152,125.00,250.00,125,125
1898,2125173,125.00,250.00,125,125
1899,2125178,125.00,250.00,125,125
1900,2131061,125.00,250.00,125,125
1901,2131162,125.00,250.00,125,125
1902,2125208,125.00,250.00,125,125
1903,2125214,125.00,250.00,125,125
1904,2131062,125.00,250.00,125,125
1905,2131116,125.00,250.00,125,125
1906,2131113,125.00,250.00,125,125
1907,2131089,125.00,250.00,125,125
1908,2128064,125.00,250.00,125,125
1909,2125611,125.00,250.00,125,125
1910,2125603,125.00,250.00,125,125
1911,2128066,125.00,250.00,125,125
1912,2131229,125.00,250.00,125,125
1913,2090464,125.00,250.00,125,125
1914,2131161,125.00,250.00,125,125
1915,2131231,125.00,250.00,125,125
1916,2128299,125.00,250.00,125,125
1917,2131205,125.00,250.00,125,125
1918,2131203,125.00,250.00,125,125
1919,2128293,125.00,250.00,125,125
1920,2136615,125.00,250.00,125,125
1921,2136620,125.00,250.00,125,125
1922,2134236,125.00,250.00,125,125
1923,2096595,125.00,250.00,125,125
1924,2134231,125.00,250.00,125,125
1925,2131823,125.00,250.00,125,125
1926,2131827,125.00,250.00,125,125
1927,2131863,125.00,250.00,125,125
1928,2128397,125.00,250.00,125,125
1929,2128399,125.00,250.00,125,125
1930,2090683,125.00,250.00,125,125
1931,2131866,125.00,250.00,125,125
1932,2090725,125.00,250.00,125,125
1933,2134261,125.00,250.00,125,125
1934,2134266,125.00,250.00,125,125
1935,2088265,125.00,250.00,125,125
1936,2128431,125.00,250.00,125,125
1937,2128429,125.00,250.00,125,125
1938,2136740,125.00,250.00,125,125
1939,2128497,125.00,250.00,125,125
1940,2132014,125.00,250.00,125,125
1941,2128500,125.00,250.00,125,125
1942,2132012,125.00,250.00,125,125
1943,2145729,125.00,250.00,125,125
1944,2128524,125.00,250.00,125,125
1945,2088586,125.00,250.00,125,125
1946,2136744,125.00,250.00,125,125
1947,2128518,125.00,250.00,125,125
1948,2145725,125.00,250.00,125,125
1949,2088609,125.00,250.00,125,125
1950,2139571,125.00,250.00,125,125
1951,2132324,125.00,250.00,125,125
1952,2139578,125.00,250.00,125,125
1953,2134497,125.00,250.00,125,125
1954,2128683,125.00,250.00,125,125
1955,2128684,125.00,250.00,125,125
1956,2132325,125.00,250.00,125,125
1957,2128662,125.00,250.00,125,125
1958,2134501,125.00,250.00,125,125
1959,2128659,125.00,250.00,125,125
1960,2091097,125.00,250.00,125,125
1961,2090650,125.00,250.00,125,125
1962,2087695,125.00,250.00,125,125
1963,2087735,125.00,250.00,125,125
1964,2087696,125.00,250.00,125,125
1965,2091189,125.00,250.00,125,125
1966,2129078,125.00,250.00,125,125
1967,2129169,125.00,250.00,125,125
1968,2129172,125.00,250.00,125,125
1969,2093312,125.00,250.00,125,125
1970,2129269,125.00,250.00,125,125
1971,2129077,125.00,250.00,125,125
1972,2136863,125.00,250.00,125,125
1973,2136868,125.00,250.00,125,125
1974,2132582,125.00,250.00,125,125
1975,2129271,125.00,250.00,125,125
1976,2129340,125.00,250.00,125,125
1977,2132604,125.00,250.00,125,125
1978,2132608,125.00,250.00,125,125
1979,2132584,125.00,250.00,125,125
1980,2132641,125.00,250.00,125,125
1981,2129476,125.00,250.00,125,125
1982,2132646,125.00,250.00,125,125
1983,2129479,125.00,250.00,125,125
1984,2129372,125.00,250.00,125,125
1985,2129341,125.00,250.00,125,125
1986,2134829,125.00,250.00,125,125
1987,2129370,125.00,250.00,125,125
1988,2090467,125.00,250.00,125,125
1989,2134835,125.00,250.00,125,125
1990,2129558,125.00,250.00,125,125
1991,2129524,125.00,250.00,125,125
1992,2129574,125.00,250.00,125,125
1993,2129523,125.00,250.00,125,125
1994,2129561,125.00,250.00,125,125
1995,2145762,125.00,250.00,125,125
1996,2132989,125.00,250.00,125,125
1997,2132991,125.00,250.00,125,125
1998,2145765,125.00,250.00,125,125
1999,2142771,125.00,250.00,125,125
2000,2134997,125.00,250.00,125,125
2001,2096964,125.00,250.00,125,125
2002,2096967,125.00,250.00,125,125
2003,2134994,125.00,250.00,125,125
2004,2142773,125.00,250.00,125,125
2005,2097037,125.00,250.00,125,125
2006,2097038,125.00,250.00,125,125
2007,2135255,125.00,250.00,125,125
2008,2135146,125.00,250.00,125,125
2009,2135143,125.00,250.00,125,125
2010,2142808,125.00,250.00,125,125
2011,2142818,125.00,250.00,125,125
2012,2135257,125.00,250.00,125,125
2013,2139875,125.00,250.00,125,125
2014,2139881,125.00,250.00,125,125
2015,2094059,125.00,250.00,125,125
2016,2094008,125.00,250.00,125,125
2017,2087860,125.00,250.00,125,125
2018,2137373,125.00,250.00,125,125
2019,2137369,125.00,250.00,125,125
2020,2139923,125.00,250.00,125,125
2021,2139930,125.00,250.00,125,125
2022,2135792,125.00,250.00,125,125
2023,2137807,125.00,250.00,125,125
2024,2135799,125.00,250.00,125,125
2025,2149799,125.00,250.00,125,125
2026,2149801,125.00,250.00,125,125
2027,2135846,125.00,250.00,125,125
2028,2135843,125.00,250.00,125,125
2029,2135976,125.00,250.00,125,125
2030,2136098,125.00,250.00,125,125
2031,2135978,125.00,250.00,125,125
2032,2136096,125.00,250.00,125,125
2033,2142921,125.00,250.00,125,125
2034,2142925,125.00,250.00,125,125
2035,2137804,125.00,250.00,125,125
2036,2143201,125.00,250.00,125,125
2037,2140038,125.00,250.00,125,125
2038,2137931,125.00,250.00,125,125
2039,2140042,125.00,250.00,125,125
2040,2143040,125.00,250.00,125,125
2041,2143169,125.00,250.00,125,125
2042,2143171,125.00,250.00,125,125
2043,2137935,125.00,250.00,125,125
2044,2138006,125.00,250.00,125,125
2045,2138037,125.00,250.00,125,125
2046,2140088,125.00,250.00,125,125
2047,2143165,125.00,250.00,125,125
2048,2137971,125.00,250.00,125,125
2049,2137965,125.00,250.00,125,125
2050,2137998,125.00,250.00,125,125
2051,2138039,125.00,250.00,125,125
2052,2140085,125.00,250.00,125,125
2053,2143166,125.00,250.00,125,125
2054,2143167,125.00,250.00,125,125
2055,2143168,125.00,250.00,125,125
2056,2143237,125.00,250.00,125,125
2057,2143204,125.00,250.00,125,125
2058,2146069,125.00,250.00,125,125
2059,2146066,125.00,250.00,125,125
2060,2143238,125.00,250.00,125,125
2061,2143281,125.00,250.00,125,125
2062,2143278,125.00,250.00,125,125
2063,2138991,125.00,250.00,125,125
2064,2138997,125.00,250.00,125,125
2065,2143355,125.00,250.00,125,125
2066,2143353,125.00,250.00,125,125
2067,2143317,125.00,250.00,125,125
2068,2143318,125.00,250.00,125,125
2069,2139166,125.00,250.00,125,125
2070,2139175,125.00,250.00,125,125
2071,2140697,125.00,250.00,125,125
2072,2146232,125.00,250.00,125,125
2073,2140707,125.00,250.00,125,125
2074,2143399,125.00,250.00,125,125
2075,2143403,125.00,250.00,125,125
2076,2146234,125.00,250.00,125,125
2077,2140737,125.00,250.00,125,125
2078,2143484,125.00,250.00,125,125
2079,2140734,125.00,250.00,125,125
2080,2143486,125.00,250.00,125,125
2081,2140927,125.00,250.00,125,125
2082,2140923,125.00,250.00,125,125
2083,2143541,125.00,250.00,125,125
2084,2143544,125.00,250.00,125,125
2085,2141056,125.00,250.00,125,125
2086,2141012,125.00,250.00,125,125
2087,2143640,125.00,250.00,125,125
2088,2143637,125.00,250.00,125,125
2089,2141053,125.00,250.00,125,125
2090,2141008,125.00,250.00,125,125
2091,2141122,125.00,250.00,125,125
2092,2141204,125.00,250.00,125,125
2093,2149996,125.00,250.00,125,125
2094,2149988,125.00,250.00,125,125
2095,2141211,125.00,250.00,125,125
2096,2141170,125.00,250.00,125,125
2097,2141163,125.00,250.00,125,125
2098,2141129,125.00,250.00,125,125
2099,2146358,125.00,250.00,125,125
2100,2150009,125.00,250.00,125,125
2101,2146359,125.00,250.00,125,125
2102,2150012,125.00,250.00,125,125
2103,2141279,125.00,250.00,125,125
2104,2141287,125.00,250.00,125,125
2105,2146587,125.00,250.00,125,125
2106,2146581,125.00,250.00,125,125
2107,2146765,125.00,250.00,125,125
2108,2146762,125.00,250.00,125,125
2109,2143817,125.00,250.00,125,125
2110,2141334,125.00,250.00,125,125
2111,2141331,125.00,250.00,125,125
2112,2143794,125.00,250.00,125,125
2113,2141407,125.00,250.00,125,125
2114,2143815,125.00,250.00,125,125
2115,2141501,125.00,250.00,125,125
2116,2143795,125.00,250.00,125,125
2117,2156561,125.00,250.00,125,125
2118,2143872,125.00,250.00,125,125
2119,2141411,125.00,250.00,125,125
2120,2156566,125.00,250.00,125,125
2121,2143875,125.00,250.00,125,125
2122,2146849,125.00,250.00,125,125
2123,2141495,125.00,250.00,125,125
2124,2146848,125.00,250.00,125,125
2125,2141703,125.00,250.00,125,125
2126,2153540,125.00,250.00,125,125
2127,2153545,125.00,250.00,125,125
2128,2146960,125.00,250.00,125,125
2129,2141706,125.00,250.00,125,125
2130,2143940,125.00,250.00,125,125
2131,2143943,125.00,250.00,125,125
