#,partner,liczba,wyplacone,kwota_rekompensaty_oryginalna,roznica,procent
1,tui,22,600.00,3000.00,2400,400
2,,1155,600.00,3000.00,2400,400
3,,1155,300.00,2400.00,2100,700
4,,1155,400.00,2000.00,1600,400
5,kiribati,13,600.00,1800.00,1200,200
6,,1155,600.00,1800.00,1200,200
7,,1155,600.00,1800.00,1200,200
8,,1155,1200.00,2400.00,1200,100
9,,1155,600.00,1800.00,1200,200
10,,1155,750.00,1800.00,1050,140
11,tui,22,300.00,1200.00,900,300
12,tui,22,100.00,1000.00,900,900
13,,1155,1200.00,2000.00,800,66.6666666666666667
14,,1155,1200.00,2000.00,800,66.6666666666666667
15,,1155,1500.00,2250.00,750,50
16,,1155,455.00,1200.00,745,163.7362637362637363
17,,1155,478.00,1200.00,722,151.0460251046025105
18,,1155,500.00,1200.00,700,140
19,,1155,500.00,1200.00,700,140
20,,1155,500.00,1200.00,700,140
21,,1155,100.00,750.00,650,650
22,,1155,600.00,1200.00,600,100
23,,1155,600.00,1200.00,600,100
24,,1155,600.00,1200.00,600,100
25,,1155,600.00,1200.00,600,100
26,kiribati,13,600.00,1200.00,600,100
27,,1155,600.00,1200.00,600,100
28,,1155,300.00,900.00,600,200
29,,1155,200.00,800.00,600,300
30,kiribati,13,600.00,1200.00,600,100
31,,1155,2400.00,3000.00,600,25
32,,1155,600.00,1200.00,600,100
33,,1155,1800.00,2400.00,600,33.3333333333333333
34,,1155,600.00,1200.00,600,100
35,,1155,3000.00,3600.00,600,20
36,kiribati,13,600.00,1200.00,600,100
37,,1155,600.00,1200.00,600,100
38,,1155,600.00,1200.00,600,100
39,kiribati,13,600.00,1200.00,600,100
40,kiribati,13,600.00,1200.00,600,100
41,,1155,600.00,1200.00,600,100
42,,1155,600.00,1200.00,600,100
43,,1155,200.00,750.00,550,275
44,,1155,200.00,750.00,550,275
45,,1155,700.00,1200.00,500,71.4285714285714286
46,,1155,250.00,750.00,500,200
47,kiribati,13,100.00,600.00,500,500
48,,1155,700.00,1200.00,500,71.4285714285714286
49,,1155,250.00,750.00,500,200
50,,1155,1.00,500.00,499,49900
51,,1155,260.00,750.00,490,188.4615384615384615
52,,1155,745.00,1200.00,455,61.0738255033557047
53,,1155,300.00,750.00,450,150
54,,1155,150.00,600.00,450,300
55,,1155,750.00,1200.00,450,60
56,,1155,356.00,800.00,444,124.7191011235955056
57,,1155,400.00,800.00,400,100
58,,1155,100.00,500.00,400,400
59,kiribati,13,200.00,600.00,400,200
60,,1155,200.00,600.00,400,200
61,,1155,200.00,600.00,400,200
62,,1155,200.00,600.00,400,200
63,,1155,200.00,600.00,400,200
64,,1155,400.00,800.00,400,100
65,,1155,200.00,600.00,400,200
66,,1155,200.00,600.00,400,200
67,,1155,200.00,600.00,400,200
68,,1155,400.00,800.00,400,100
69,tui,22,200.00,600.00,400,200
70,,1155,200.00,600.00,400,200
71,,1155,200.00,600.00,400,200
72,,1155,400.00,800.00,400,100
73,,1155,400.00,800.00,400,100
74,kiribati,13,200.00,600.00,400,200
75,,1155,200.00,600.00,400,200
76,,1155,200.00,600.00,400,200
77,tui,22,400.00,800.00,400,100
78,,1155,400.00,800.00,400,100
79,kiribati,13,200.00,600.00,400,200
80,,1155,1200.00,1600.00,400,33.3333333333333333
81,,1155,210.00,600.00,390,185.7142857142857143
82,,1155,222.20,600.00,377.8,170.027002700270027
83,,1155,230.00,600.00,370,160.8695652173913043
84,,1155,136.00,500.00,364,267.6470588235294118
85,,1155,150.00,500.00,350,233.3333333333333333
86,,1155,250.00,600.00,350,140
87,,1155,250.00,600.00,350,140
88,,1155,250.00,600.00,350,140
89,,1155,250.00,600.00,350,140
90,,1155,250.00,600.00,350,140
91,,1155,250.00,600.00,350,140
92,,1155,256.00,600.00,344,134.375
93,,1155,160.00,500.00,340,212.5
94,,1155,50.00,375.00,325,650
95,,1155,300.00,600.00,300,100
96,,1155,300.00,600.00,300,100
97,,1155,200.00,500.00,300,150
98,,1155,300.00,600.00,300,100
99,,1155,450.00,750.00,300,66.6666666666666667
100,,1155,100.00,400.00,300,300
101,,1155,300.00,600.00,300,100
102,,1155,300.00,600.00,300,100
103,,1155,200.00,500.00,300,150
104,,1155,300.00,600.00,300,100
105,,1155,300.00,600.00,300,100
106,,1155,300.00,600.00,300,100
107,,1155,300.00,600.00,300,100
108,,1155,300.00,600.00,300,100
109,,1155,300.00,600.00,300,100
110,,1155,900.00,1200.00,300,33.3333333333333333
111,,1155,300.00,600.00,300,100
112,,1155,200.00,500.00,300,150
113,,1155,300.00,600.00,300,100
114,,1155,300.00,600.00,300,100
115,,1155,300.00,600.00,300,100
116,,1155,300.00,600.00,300,100
117,,1155,300.00,600.00,300,100
118,,1155,300.00,600.00,300,100
119,,1155,300.00,600.00,300,100
120,,1155,300.00,600.00,300,100
121,,1155,300.25,600.00,299.75,99.8334721065778518
122,,1155,1.00,300.00,299,29900
123,,1155,230.00,500.00,270,117.391304347826087
124,,1155,245.28,500.00,254.72,103.8486627527723418
125,,1155,250.00,500.00,250,100
126,,1155,250.00,500.00,250,100
127,,1155,250.00,500.00,250,100
128,,1155,250.00,500.00,250,100
129,,1155,250.00,500.00,250,100
130,,1155,250.00,500.00,250,100
131,,1155,250.00,500.00,250,100
132,,1155,250.00,500.00,250,100
133,,1155,250.00,500.00,250,100
134,,1155,250.00,500.00,250,100
135,,1155,250.00,500.00,250,100
136,,1155,250.00,500.00,250,100
137,,1155,250.00,500.00,250,100
138,,1155,250.00,500.00,250,100
139,,1155,250.00,500.00,250,100
140,,1155,250.00,500.00,250,100
141,,1155,250.00,500.00,250,100
142,tui,22,250.00,500.00,250,100
143,,1155,250.00,500.00,250,100
144,,1155,250.00,500.00,250,100
145,,1155,500.00,750.00,250,50
146,,1155,250.00,500.00,250,100
147,,1155,250.00,500.00,250,100
148,,1155,250.00,500.00,250,100
149,tui,22,250.00,500.00,250,100
150,,1155,20.00,270.00,250,1250
151,tui,22,250.00,500.00,250,100
152,,1155,250.00,500.00,250,100
153,,1155,250.00,500.00,250,100
154,,1155,750.00,1000.00,250,33.3333333333333333
155,,1155,750.00,1000.00,250,33.3333333333333333
156,,1155,250.00,500.00,250,100
157,,1155,250.00,500.00,250,100
158,,1155,250.00,500.00,250,100
159,,1155,250.00,500.00,250,100
160,,1155,350.00,600.00,250,71.4285714285714286
161,,1155,250.00,500.00,250,100
162,,1155,250.00,500.00,250,100
163,,1155,250.00,500.00,250,100
164,,1155,250.00,500.00,250,100
165,,1155,250.00,500.00,250,100
166,,1155,250.00,500.00,250,100
167,,1155,250.00,500.00,250,100
168,,1155,250.00,500.00,250,100
169,,1155,250.00,500.00,250,100
170,,1155,250.00,500.00,250,100
171,,1155,250.00,500.00,250,100
172,,1155,250.00,500.00,250,100
173,,1155,250.00,500.00,250,100
174,,1155,250.00,500.00,250,100
175,,1155,250.00,500.00,250,100
176,,1155,250.00,500.00,250,100
177,,1155,250.00,500.00,250,100
178,,1155,250.00,500.00,250,100
179,,1155,250.00,500.00,250,100
180,,1155,250.00,500.00,250,100
181,,1155,250.00,500.00,250,100
182,,1155,250.00,500.00,250,100
183,,1155,250.00,500.00,250,100
184,,1155,250.00,500.00,250,100
185,,1155,250.00,500.00,250,100
186,,1155,250.00,500.00,250,100
187,,1155,250.00,500.00,250,100
188,,1155,250.00,500.00,250,100
189,,1155,250.00,500.00,250,100
190,,1155,250.00,500.00,250,100
191,,1155,250.00,500.00,250,100
192,,1155,250.00,500.00,250,100
193,,1155,250.00,500.00,250,100
194,,1155,250.00,500.00,250,100
195,,1155,250.00,500.00,250,100
196,,1155,250.00,500.00,250,100
197,,1155,250.00,500.00,250,100
198,,1155,250.00,500.00,250,100
199,,1155,250.00,500.00,250,100
200,,1155,250.00,500.00,250,100
201,,1155,250.00,500.00,250,100
202,,1155,250.00,500.00,250,100
203,,1155,250.00,500.00,250,100
204,,1155,250.00,500.00,250,100
205,,1155,250.00,500.00,250,100
206,,1155,250.00,500.00,250,100
207,,1155,250.00,500.00,250,100
208,,1155,250.00,500.00,250,100
209,,1155,250.00,500.00,250,100
210,,1155,250.00,500.00,250,100
211,,1155,250.00,500.00,250,100
212,,1155,250.00,500.00,250,100
213,,1155,250.00,500.00,250,100
214,,1155,250.00,500.00,250,100
215,,1155,250.00,500.00,250,100
216,,1155,250.00,500.00,250,100
217,,1155,250.00,500.00,250,100
218,,1155,250.00,500.00,250,100
219,,1155,250.00,500.00,250,100
220,,1155,250.00,500.00,250,100
221,,1155,250.00,500.00,250,100
222,,1155,250.00,500.00,250,100
223,,1155,250.00,500.00,250,100
224,,1155,250.00,500.00,250,100
225,,1155,250.00,500.00,250,100
226,,1155,250.00,500.00,250,100
227,,1155,250.00,500.00,250,100
228,,1155,250.00,500.00,250,100
229,,1155,250.00,500.00,250,100
230,,1155,250.00,500.00,250,100
231,,1155,250.00,500.00,250,100
232,,1155,250.00,500.00,250,100
233,,1155,250.00,500.00,250,100
234,,1155,250.00,500.00,250,100
235,,1155,250.00,500.00,250,100
236,,1155,250.00,500.00,250,100
237,,1155,250.00,500.00,250,100
238,,1155,250.00,500.00,250,100
239,,1155,250.00,500.00,250,100
240,,1155,250.00,500.00,250,100
241,,1155,250.00,500.00,250,100
242,,1155,250.00,500.00,250,100
243,,1155,250.00,500.00,250,100
244,,1155,250.00,500.00,250,100
245,,1155,250.00,500.00,250,100
246,,1155,250.00,500.00,250,100
247,,1155,250.00,500.00,250,100
248,,1155,250.00,500.00,250,100
249,,1155,250.00,500.00,250,100
250,,1155,250.00,500.00,250,100
251,,1155,250.00,500.00,250,100
252,,1155,250.00,500.00,250,100
253,,1155,250.00,500.00,250,100
254,,1155,250.00,500.00,250,100
255,,1155,250.00,500.00,250,100
256,,1155,250.00,500.00,250,100
257,,1155,250.00,500.00,250,100
258,,1155,250.00,500.00,250,100
259,,1155,250.00,500.00,250,100
260,,1155,250.00,500.00,250,100
261,,1155,250.00,500.00,250,100
262,,1155,250.00,500.00,250,100
263,,1155,250.00,500.00,250,100
264,,1155,250.00,500.00,250,100
265,,1155,250.00,500.00,250,100
266,,1155,250.00,500.00,250,100
267,,1155,250.00,500.00,250,100
268,,1155,250.00,500.00,250,100
269,,1155,250.00,500.00,250,100
270,,1155,250.00,500.00,250,100
271,,1155,250.00,500.00,250,100
272,,1155,250.00,500.00,250,100
273,,1155,250.00,500.00,250,100
274,,1155,250.00,500.00,250,100
275,,1155,250.00,500.00,250,100
276,,1155,250.00,500.00,250,100
277,,1155,250.00,500.00,250,100
278,,1155,250.00,500.00,250,100
279,,1155,250.00,500.00,250,100
280,,1155,250.00,500.00,250,100
281,,1155,250.00,500.00,250,100
282,,1155,250.00,500.00,250,100
283,,1155,250.00,500.00,250,100
284,,1155,250.00,500.00,250,100
285,,1155,250.00,500.00,250,100
286,,1155,250.00,500.00,250,100
287,,1155,250.00,500.00,250,100
288,,1155,250.00,500.00,250,100
289,,1155,250.00,500.00,250,100
290,,1155,250.00,500.00,250,100
291,,1155,250.00,500.00,250,100
292,,1155,250.00,500.00,250,100
293,,1155,250.00,500.00,250,100
294,,1155,250.00,500.00,250,100
295,,1155,250.00,500.00,250,100
296,,1155,250.00,500.00,250,100
297,tui,22,250.00,500.00,250,100
298,tui,22,250.00,500.00,250,100
299,,1155,250.00,500.00,250,100
300,,1155,250.00,500.00,250,100
301,,1155,250.00,500.00,250,100
302,,1155,250.00,500.00,250,100
303,,1155,250.00,500.00,250,100
304,,1155,250.00,500.00,250,100
305,,1155,250.00,500.00,250,100
306,,1155,250.00,500.00,250,100
307,,1155,250.00,500.00,250,100
308,,1155,250.00,500.00,250,100
309,,1155,250.00,500.00,250,100
310,,1155,250.00,500.00,250,100
311,,1155,250.00,500.00,250,100
312,,1155,250.00,500.00,250,100
313,,1155,250.00,500.00,250,100
314,,1155,250.00,500.00,250,100
315,,1155,250.00,500.00,250,100
316,,1155,250.00,500.00,250,100
317,,1155,250.00,500.00,250,100
318,,1155,250.00,500.00,250,100
319,,1155,250.00,500.00,250,100
320,,1155,250.00,500.00,250,100
321,,1155,250.00,500.00,250,100
322,,1155,250.00,500.00,250,100
323,,1155,250.00,500.00,250,100
324,,1155,250.00,500.00,250,100
325,,1155,250.00,500.00,250,100
326,,1155,250.00,500.00,250,100
327,,1155,250.00,500.00,250,100
328,,1155,250.00,500.00,250,100
329,,1155,250.00,500.00,250,100
330,,1155,250.00,500.00,250,100
331,,1155,250.00,500.00,250,100
332,,1155,250.00,500.00,250,100
333,,1155,250.00,500.00,250,100
334,,1155,250.00,500.00,250,100
335,,1155,250.00,500.00,250,100
336,,1155,250.00,500.00,250,100
337,,1155,250.00,500.00,250,100
338,,1155,250.00,500.00,250,100
339,,1155,250.00,500.00,250,100
340,,1155,250.00,500.00,250,100
341,,1155,250.00,500.00,250,100
342,,1155,250.00,500.00,250,100
343,,1155,250.00,500.00,250,100
344,,1155,250.00,500.00,250,100
345,,1155,250.00,500.00,250,100
346,,1155,250.00,500.00,250,100
347,,1155,250.00,500.00,250,100
348,,1155,250.00,500.00,250,100
349,,1155,250.00,500.00,250,100
350,,1155,250.00,500.00,250,100
351,,1155,250.00,500.00,250,100
352,,1155,250.00,500.00,250,100
353,,1155,250.00,500.00,250,100
354,,1155,250.00,500.00,250,100
355,,1155,250.00,500.00,250,100
356,,1155,250.00,500.00,250,100
357,,1155,250.00,500.00,250,100
358,,1155,250.00,500.00,250,100
359,,1155,250.00,500.00,250,100
360,,1155,250.00,500.00,250,100
361,,1155,250.00,500.00,250,100
362,,1155,350.00,600.00,250,71.4285714285714286
363,,1155,250.00,500.00,250,100
364,,1155,250.00,500.00,250,100
365,,1155,250.00,500.00,250,100
366,,1155,250.00,500.00,250,100
367,,1155,250.00,500.00,250,100
368,,1155,250.00,500.00,250,100
369,,1155,250.00,500.00,250,100
370,,1155,250.00,500.00,250,100
371,,1155,250.00,500.00,250,100
372,,1155,250.00,500.00,250,100
373,,1155,250.00,500.00,250,100
374,,1155,250.00,500.00,250,100
375,,1155,250.00,500.00,250,100
376,,1155,250.00,500.00,250,100
377,,1155,250.00,500.00,250,100
378,,1155,250.00,500.00,250,100
379,,1155,250.00,500.00,250,100
380,,1155,250.00,500.00,250,100
381,,1155,250.00,500.00,250,100
382,,1155,250.00,500.00,250,100
383,,1155,250.00,500.00,250,100
384,,1155,250.00,500.00,250,100
385,,1155,250.00,500.00,250,100
386,,1155,250.00,500.00,250,100
387,,1155,250.00,500.00,250,100
388,,1155,250.00,500.00,250,100
389,,1155,250.00,500.00,250,100
390,,1155,250.00,500.00,250,100
391,,1155,250.00,500.00,250,100
392,,1155,250.00,500.00,250,100
393,,1155,250.00,500.00,250,100
394,,1155,250.00,500.00,250,100
395,,1155,250.00,500.00,250,100
396,,1155,250.00,500.00,250,100
397,,1155,250.00,500.00,250,100
398,,1155,250.00,500.00,250,100
399,,1155,250.00,500.00,250,100
400,,1155,250.00,500.00,250,100
401,,1155,250.00,500.00,250,100
402,,1155,250.00,500.00,250,100
403,,1155,250.00,500.00,250,100
404,,1155,350.25,600.00,249.75,71.3062098501070664
405,,1155,1.00,250.00,249,24900
406,,1155,10.00,250.00,240,2400
407,,1155,370.00,600.00,230,62.1621621621621622
408,,1155,300.00,500.00,200,66.6666666666666667
409,,1155,400.00,600.00,200,50
410,,1155,600.00,800.00,200,33.3333333333333333
411,tui,22,200.00,400.00,200,100
412,,1155,100.00,300.00,200,200
413,,1155,400.00,600.00,200,50
414,kiribati,13,400.00,600.00,200,50
415,,1155,50.00,250.00,200,400
416,,1155,400.00,600.00,200,50
417,,1155,50.00,250.00,200,400
418,,1155,400.00,600.00,200,50
419,,1155,50.00,250.00,200,400
420,tui,22,200.00,400.00,200,100
421,kiribati,13,200.00,400.00,200,100
422,,1155,400.00,600.00,200,50
423,,1155,400.00,600.00,200,50
424,,1155,600.00,800.00,200,33.3333333333333333
425,,1155,1000.00,1200.00,200,20
426,tui,22,209.50,400.00,190.5,90.9307875894988067
427,,1155,120.00,300.00,180,150
428,,1155,75.00,250.00,175,233.3333333333333333
429,,1155,125.00,300.00,175,140
430,,1155,75.00,250.00,175,233.3333333333333333
431,,1155,90.00,250.00,160,177.7777777777777778
432,,1155,350.00,500.00,150,42.8571428571428571
433,,1155,100.00,250.00,150,150
434,,1155,100.00,250.00,150,150
435,,1155,100.00,250.00,150,150
436,,1155,100.00,250.00,150,150
437,,1155,450.00,600.00,150,33.3333333333333333
438,,1155,100.00,250.00,150,150
439,,1155,100.00,250.00,150,150
440,,1155,100.00,250.00,150,150
441,,1155,100.00,250.00,150,150
442,,1155,100.00,250.00,150,150
443,tui,22,250.00,400.00,150,60
444,,1155,100.00,250.00,150,150
445,,1155,100.00,250.00,150,150
446,,1155,50.00,200.00,150,300
447,,1155,100.00,250.00,150,150
448,,1155,250.00,400.00,150,60
449,,1155,100.00,250.00,150,150
450,,1155,150.00,300.00,150,100
451,,1155,100.00,250.00,150,150
452,,1155,250.00,400.00,150,60
453,,1155,100.00,250.00,150,150
454,,1155,100.00,250.00,150,150
455,,1155,100.00,250.00,150,150
456,,1155,455.50,600.00,144.5,31.7233809001097695
457,,1155,110.00,250.00,140,127.2727272727272727
458,,1155,111.00,250.00,139,125.2252252252252252
459,,1155,124.00,250.00,126,101.6129032258064516
460,,1155,124.00,250.00,126,101.6129032258064516
461,,1155,125.00,250.00,125,100
462,,1155,125.00,250.00,125,100
463,,1155,125.00,250.00,125,100
464,,1155,125.00,250.00,125,100
465,,1155,125.00,250.00,125,100
466,,1155,125.00,250.00,125,100
467,,1155,125.00,250.00,125,100
468,,1155,125.00,250.00,125,100
469,,1155,125.00,250.00,125,100
470,,1155,125.00,250.00,125,100
471,,1155,125.00,250.00,125,100
472,,1155,125.00,250.00,125,100
473,,1155,125.00,250.00,125,100
474,,1155,125.00,250.00,125,100
475,,1155,125.00,250.00,125,100
476,,1155,125.00,250.00,125,100
477,,1155,125.00,250.00,125,100
478,,1155,125.00,250.00,125,100
479,,1155,125.00,250.00,125,100
480,,1155,125.00,250.00,125,100
481,,1155,125.00,250.00,125,100
482,,1155,125.00,250.00,125,100
483,,1155,125.00,250.00,125,100
484,,1155,125.00,250.00,125,100
485,,1155,125.00,250.00,125,100
486,,1155,125.00,250.00,125,100
487,,1155,125.00,250.00,125,100
488,,1155,125.00,250.00,125,100
489,,1155,125.00,250.00,125,100
490,,1155,125.00,250.00,125,100
491,,1155,125.00,250.00,125,100
492,,1155,125.00,250.00,125,100
493,,1155,125.00,250.00,125,100
494,,1155,125.00,250.00,125,100
495,,1155,125.00,250.00,125,100
496,,1155,125.00,250.00,125,100
497,,1155,125.00,250.00,125,100
498,,1155,125.00,250.00,125,100
499,,1155,125.00,250.00,125,100
500,,1155,125.00,250.00,125,100
501,,1155,125.00,250.00,125,100
502,,1155,125.00,250.00,125,100
503,,1155,125.00,250.00,125,100
504,,1155,125.00,250.00,125,100
505,,1155,125.00,250.00,125,100
506,,1155,125.00,250.00,125,100
507,,1155,125.00,250.00,125,100
508,,1155,125.00,250.00,125,100
509,,1155,125.00,250.00,125,100
510,,1155,125.00,250.00,125,100
511,,1155,125.00,250.00,125,100
512,,1155,125.00,250.00,125,100
513,,1155,125.00,250.00,125,100
514,,1155,125.00,250.00,125,100
515,tui,22,125.00,250.00,125,100
516,,1155,125.00,250.00,125,100
517,,1155,125.00,250.00,125,100
518,,1155,125.00,250.00,125,100
519,,1155,125.00,250.00,125,100
520,,1155,125.00,250.00,125,100
521,,1155,125.00,250.00,125,100
522,,1155,125.00,250.00,125,100
523,,1155,125.00,250.00,125,100
524,,1155,125.00,250.00,125,100
525,,1155,125.00,250.00,125,100
526,,1155,125.00,250.00,125,100
527,,1155,125.00,250.00,125,100
528,,1155,125.00,250.00,125,100
529,,1155,125.00,250.00,125,100
530,,1155,125.00,250.00,125,100
531,,1155,125.00,250.00,125,100
532,,1155,125.00,250.00,125,100
533,,1155,125.00,250.00,125,100
534,,1155,125.00,250.00,125,100
535,,1155,125.00,250.00,125,100
536,,1155,125.00,250.00,125,100
537,,1155,125.00,250.00,125,100
538,,1155,125.00,250.00,125,100
539,,1155,125.00,250.00,125,100
540,,1155,125.00,250.00,125,100
541,,1155,125.00,250.00,125,100
542,,1155,125.00,250.00,125,100
543,,1155,125.00,250.00,125,100
544,,1155,125.00,250.00,125,100
545,,1155,125.00,250.00,125,100
546,,1155,125.00,250.00,125,100
547,,1155,125.00,250.00,125,100
548,,1155,125.00,250.00,125,100
549,,1155,125.00,250.00,125,100
550,,1155,125.00,250.00,125,100
551,,1155,125.00,250.00,125,100
552,,1155,125.00,250.00,125,100
553,,1155,125.00,250.00,125,100
554,,1155,125.00,250.00,125,100
555,,1155,125.00,250.00,125,100
556,,1155,125.00,250.00,125,100
557,,1155,125.00,250.00,125,100
558,,1155,125.00,250.00,125,100
559,,1155,125.00,250.00,125,100
560,,1155,125.00,250.00,125,100
561,,1155,125.00,250.00,125,100
562,,1155,125.00,250.00,125,100
563,,1155,125.00,250.00,125,100
564,,1155,125.00,250.00,125,100
565,,1155,125.00,250.00,125,100
566,,1155,125.00,250.00,125,100
567,,1155,125.00,250.00,125,100
568,,1155,125.00,250.00,125,100
569,,1155,125.00,250.00,125,100
570,,1155,125.00,250.00,125,100
571,,1155,125.00,250.00,125,100
572,,1155,125.00,250.00,125,100
573,,1155,125.00,250.00,125,100
574,,1155,125.00,250.00,125,100
575,,1155,125.00,250.00,125,100
576,,1155,125.00,250.00,125,100
577,,1155,125.00,250.00,125,100
578,,1155,125.00,250.00,125,100
579,,1155,125.00,250.00,125,100
580,,1155,125.00,250.00,125,100
581,,1155,125.00,250.00,125,100
582,,1155,125.00,250.00,125,100
583,,1155,125.00,250.00,125,100
584,,1155,125.00,250.00,125,100
585,,1155,125.00,250.00,125,100
586,,1155,125.00,250.00,125,100
587,,1155,125.00,250.00,125,100
588,,1155,125.00,250.00,125,100
589,,1155,125.00,250.00,125,100
590,,1155,125.00,250.00,125,100
591,,1155,125.00,250.00,125,100
592,,1155,125.00,250.00,125,100
593,,1155,125.00,250.00,125,100
594,,1155,125.00,250.00,125,100
595,,1155,125.00,250.00,125,100
596,,1155,125.00,250.00,125,100
597,,1155,125.00,250.00,125,100
598,,1155,125.00,250.00,125,100
599,,1155,125.00,250.00,125,100
600,,1155,125.00,250.00,125,100
601,,1155,125.00,250.00,125,100
602,,1155,125.00,250.00,125,100
603,,1155,125.00,250.00,125,100
604,,1155,125.00,250.00,125,100
605,,1155,125.00,250.00,125,100
606,,1155,125.00,250.00,125,100
607,,1155,125.00,250.00,125,100
608,,1155,125.00,250.00,125,100
609,,1155,125.00,250.00,125,100
610,,1155,125.00,250.00,125,100
611,,1155,125.00,250.00,125,100
612,,1155,125.00,250.00,125,100
613,,1155,125.00,250.00,125,100
614,,1155,125.00,250.00,125,100
615,,1155,125.00,250.00,125,100
616,,1155,125.00,250.00,125,100
617,,1155,125.00,250.00,125,100
618,,1155,125.00,250.00,125,100
619,,1155,125.00,250.00,125,100
620,,1155,125.00,250.00,125,100
621,,1155,125.00,250.00,125,100
622,,1155,125.00,250.00,125,100
623,,1155,125.00,250.00,125,100
624,,1155,125.00,250.00,125,100
625,,1155,125.00,250.00,125,100
626,,1155,125.00,250.00,125,100
627,,1155,125.00,250.00,125,100
628,,1155,125.00,250.00,125,100
629,,1155,125.00,250.00,125,100
630,,1155,125.00,250.00,125,100
631,,1155,125.00,250.00,125,100
632,,1155,125.00,250.00,125,100
633,,1155,125.00,250.00,125,100
634,,1155,125.00,250.00,125,100
635,,1155,125.00,250.00,125,100
636,,1155,125.00,250.00,125,100
637,,1155,125.00,250.00,125,100
638,,1155,125.00,250.00,125,100
639,,1155,125.00,250.00,125,100
640,,1155,125.00,250.00,125,100
641,,1155,125.00,250.00,125,100
642,,1155,125.00,250.00,125,100
643,,1155,125.00,250.00,125,100
644,,1155,125.00,250.00,125,100
645,,1155,125.00,250.00,125,100
646,,1155,125.00,250.00,125,100
647,,1155,125.00,250.00,125,100
648,,1155,125.00,250.00,125,100
649,,1155,125.00,250.00,125,100
650,,1155,125.00,250.00,125,100
651,,1155,125.00,250.00,125,100
652,,1155,125.00,250.00,125,100
653,,1155,125.00,250.00,125,100
654,,1155,125.00,250.00,125,100
655,,1155,125.00,250.00,125,100
656,,1155,125.00,250.00,125,100
657,,1155,125.00,250.00,125,100
658,,1155,125.00,250.00,125,100
659,,1155,125.00,250.00,125,100
660,,1155,125.00,250.00,125,100
661,,1155,125.00,250.00,125,100
662,,1155,125.00,250.00,125,100
663,,1155,125.00,250.00,125,100
664,,1155,125.00,250.00,125,100
665,,1155,125.00,250.00,125,100
666,,1155,125.00,250.00,125,100
667,,1155,125.00,250.00,125,100
668,,1155,125.00,250.00,125,100
669,,1155,125.00,250.00,125,100
670,,1155,125.00,250.00,125,100
671,,1155,125.00,250.00,125,100
672,,1155,125.00,250.00,125,100
673,,1155,125.00,250.00,125,100
674,,1155,125.00,250.00,125,100
675,,1155,125.00,250.00,125,100
676,,1155,125.00,250.00,125,100
677,,1155,125.00,250.00,125,100
678,,1155,125.00,250.00,125,100
679,,1155,125.00,250.00,125,100
680,,1155,125.00,250.00,125,100
681,,1155,125.00,250.00,125,100
682,,1155,125.00,250.00,125,100
683,,1155,125.00,250.00,125,100
684,,1155,125.00,250.00,125,100
685,,1155,125.00,250.00,125,100
686,,1155,125.00,250.00,125,100
687,,1155,125.00,250.00,125,100
688,,1155,125.00,250.00,125,100
689,,1155,125.00,250.00,125,100
690,,1155,125.00,250.00,125,100
691,,1155,125.00,250.00,125,100
692,,1155,125.00,250.00,125,100
693,,1155,125.00,250.00,125,100
694,,1155,125.00,250.00,125,100
695,,1155,125.00,250.00,125,100
696,,1155,125.00,250.00,125,100
697,,1155,125.00,250.00,125,100
698,,1155,125.00,250.00,125,100
699,,1155,125.00,250.00,125,100
700,,1155,125.00,250.00,125,100
701,,1155,125.00,250.00,125,100
702,,1155,125.00,250.00,125,100
703,,1155,125.00,250.00,125,100
704,,1155,125.00,250.00,125,100
705,,1155,125.00,250.00,125,100
706,,1155,125.00,250.00,125,100
707,,1155,125.00,250.00,125,100
708,,1155,125.00,250.00,125,100
709,,1155,125.00,250.00,125,100
710,,1155,125.00,250.00,125,100
711,,1155,125.00,250.00,125,100
712,,1155,125.00,250.00,125,100
713,,1155,125.00,250.00,125,100
714,,1155,125.00,250.00,125,100
715,,1155,125.00,250.00,125,100
716,,1155,125.00,250.00,125,100
717,,1155,125.00,250.00,125,100
718,,1155,125.00,250.00,125,100
719,,1155,125.00,250.00,125,100
720,,1155,125.00,250.00,125,100
721,,1155,125.00,250.00,125,100
722,,1155,125.00,250.00,125,100
723,,1155,125.00,250.00,125,100
724,,1155,125.00,250.00,125,100
725,,1155,125.00,250.00,125,100
726,,1155,125.00,250.00,125,100
727,,1155,125.00,250.00,125,100
728,,1155,125.00,250.00,125,100
729,,1155,125.00,250.00,125,100
730,,1155,125.00,250.00,125,100
731,,1155,125.00,250.00,125,100
732,,1155,125.00,250.00,125,100
733,,1155,125.00,250.00,125,100
734,,1155,125.00,250.00,125,100
735,,1155,125.00,250.00,125,100
736,,1155,125.00,250.00,125,100
737,,1155,125.00,250.00,125,100
738,,1155,125.00,250.00,125,100
739,,1155,125.00,250.00,125,100
740,,1155,125.00,250.00,125,100
741,,1155,125.00,250.00,125,100
742,,1155,125.00,250.00,125,100
743,,1155,125.00,250.00,125,100
744,,1155,125.00,250.00,125,100
745,,1155,125.00,250.00,125,100
746,,1155,125.00,250.00,125,100
747,,1155,125.00,250.00,125,100
748,,1155,125.00,250.00,125,100
749,,1155,125.00,250.00,125,100
750,,1155,125.00,250.00,125,100
751,,1155,125.00,250.00,125,100
752,,1155,125.00,250.00,125,100
753,,1155,125.00,250.00,125,100
754,,1155,125.00,250.00,125,100
755,,1155,125.00,250.00,125,100
756,,1155,125.00,250.00,125,100
757,,1155,125.00,250.00,125,100
758,,1155,125.00,250.00,125,100
759,,1155,125.00,250.00,125,100
760,,1155,125.00,250.00,125,100
761,,1155,125.00,250.00,125,100
762,,1155,125.00,250.00,125,100
763,,1155,125.00,250.00,125,100
764,,1155,125.00,250.00,125,100
765,,1155,125.00,250.00,125,100
766,,1155,125.00,250.00,125,100
767,,1155,125.00,250.00,125,100
768,,1155,125.00,250.00,125,100
769,,1155,125.00,250.00,125,100
770,,1155,125.00,250.00,125,100
771,,1155,125.00,250.00,125,100
772,,1155,125.00,250.00,125,100
773,,1155,125.00,250.00,125,100
774,,1155,125.00,250.00,125,100
775,,1155,125.00,250.00,125,100
776,,1155,125.00,250.00,125,100
777,,1155,125.00,250.00,125,100
778,,1155,125.00,250.00,125,100
779,,1155,125.00,250.00,125,100
780,,1155,125.00,250.00,125,100
781,,1155,125.00,250.00,125,100
782,,1155,125.00,250.00,125,100
783,,1155,125.00,250.00,125,100
784,,1155,125.00,250.00,125,100
785,,1155,125.00,250.00,125,100
786,,1155,125.00,250.00,125,100
787,,1155,125.00,250.00,125,100
788,,1155,125.00,250.00,125,100
789,,1155,125.00,250.00,125,100
790,,1155,125.00,250.00,125,100
791,,1155,125.00,250.00,125,100
792,,1155,125.00,250.00,125,100
793,,1155,125.00,250.00,125,100
794,,1155,125.00,250.00,125,100
795,,1155,125.00,250.00,125,100
796,,1155,125.00,250.00,125,100
797,,1155,125.00,250.00,125,100
798,,1155,125.00,250.00,125,100
799,,1155,125.00,250.00,125,100
800,,1155,125.00,250.00,125,100
801,,1155,125.00,250.00,125,100
802,,1155,125.00,250.00,125,100
803,,1155,125.00,250.00,125,100
804,,1155,125.00,250.00,125,100
805,,1155,125.00,250.00,125,100
806,,1155,125.00,250.00,125,100
807,,1155,125.00,250.00,125,100
808,,1155,125.00,250.00,125,100
809,,1155,125.00,250.00,125,100
810,,1155,125.00,250.00,125,100
811,,1155,125.00,250.00,125,100
812,,1155,125.00,250.00,125,100
813,,1155,125.00,250.00,125,100
814,,1155,125.00,250.00,125,100
815,,1155,125.00,250.00,125,100
816,,1155,125.00,250.00,125,100
817,,1155,125.00,250.00,125,100
818,,1155,125.00,250.00,125,100
819,,1155,125.00,250.00,125,100
820,,1155,125.00,250.00,125,100
821,,1155,125.00,250.00,125,100
822,,1155,125.00,250.00,125,100
823,,1155,125.00,250.00,125,100
824,,1155,125.00,250.00,125,100
825,,1155,125.00,250.00,125,100
826,,1155,125.00,250.00,125,100
827,,1155,125.00,250.00,125,100
828,,1155,125.00,250.00,125,100
829,,1155,125.00,250.00,125,100
830,,1155,125.00,250.00,125,100
831,,1155,125.00,250.00,125,100
832,,1155,125.00,250.00,125,100
833,,1155,125.00,250.00,125,100
834,,1155,125.00,250.00,125,100
835,,1155,125.00,250.00,125,100
836,,1155,125.00,250.00,125,100
837,,1155,125.00,250.00,125,100
838,,1155,125.00,250.00,125,100
839,,1155,125.00,250.00,125,100
840,,1155,125.00,250.00,125,100
841,,1155,125.00,250.00,125,100
842,,1155,125.00,250.00,125,100
843,,1155,125.00,250.00,125,100
844,,1155,125.00,250.00,125,100
845,,1155,125.00,250.00,125,100
846,,1155,125.00,250.00,125,100
847,,1155,125.00,250.00,125,100
848,,1155,125.00,250.00,125,100
849,,1155,125.00,250.00,125,100
850,,1155,125.00,250.00,125,100
851,,1155,125.00,250.00,125,100
852,,1155,125.00,250.00,125,100
853,,1155,125.00,250.00,125,100
854,,1155,125.00,250.00,125,100
855,,1155,125.00,250.00,125,100
856,,1155,125.00,250.00,125,100
857,,1155,125.00,250.00,125,100
858,,1155,125.00,250.00,125,100
859,,1155,125.00,250.00,125,100
860,,1155,125.00,250.00,125,100
861,,1155,125.00,250.00,125,100
862,,1155,125.00,250.00,125,100
863,,1155,125.00,250.00,125,100
864,,1155,125.00,250.00,125,100
865,,1155,125.00,250.00,125,100
866,,1155,125.00,250.00,125,100
867,,1155,125.00,250.00,125,100
868,,1155,125.00,250.00,125,100
869,,1155,125.00,250.00,125,100
870,,1155,125.00,250.00,125,100
871,,1155,125.00,250.00,125,100
872,,1155,125.00,250.00,125,100
873,,1155,125.00,250.00,125,100
874,,1155,125.00,250.00,125,100
875,,1155,125.00,250.00,125,100
876,,1155,125.00,250.00,125,100
877,,1155,125.00,250.00,125,100
878,,1155,125.00,250.00,125,100
879,,1155,125.00,250.00,125,100
880,,1155,125.00,250.00,125,100
881,,1155,125.00,250.00,125,100
882,,1155,125.00,250.00,125,100
883,,1155,125.00,250.00,125,100
884,,1155,125.00,250.00,125,100
885,,1155,125.00,250.00,125,100
886,,1155,125.00,250.00,125,100
887,,1155,125.00,250.00,125,100
888,,1155,125.00,250.00,125,100
889,,1155,125.00,250.00,125,100
890,,1155,125.00,250.00,125,100
891,,1155,125.00,250.00,125,100
892,,1155,125.00,250.00,125,100
893,,1155,125.00,250.00,125,100
894,,1155,125.00,250.00,125,100
895,,1155,125.00,250.00,125,100
896,,1155,125.00,250.00,125,100
897,,1155,125.00,250.00,125,100
898,,1155,125.00,250.00,125,100
899,,1155,125.00,250.00,125,100
900,,1155,125.00,250.00,125,100
901,,1155,125.00,250.00,125,100
902,,1155,125.00,250.00,125,100
903,,1155,125.00,250.00,125,100
904,,1155,125.00,250.00,125,100
905,,1155,125.00,250.00,125,100
906,,1155,125.00,250.00,125,100
907,,1155,125.00,250.00,125,100
908,,1155,125.00,250.00,125,100
909,,1155,125.00,250.00,125,100
910,,1155,125.00,250.00,125,100
911,,1155,125.00,250.00,125,100
912,,1155,125.00,250.00,125,100
913,,1155,125.00,250.00,125,100
914,,1155,125.00,250.00,125,100
915,,1155,125.00,250.00,125,100
916,,1155,125.00,250.00,125,100
917,,1155,125.00,250.00,125,100
918,,1155,125.00,250.00,125,100
919,,1155,125.00,250.00,125,100
920,,1155,125.00,250.00,125,100
921,,1155,125.00,250.00,125,100
922,,1155,125.00,250.00,125,100
923,,1155,125.00,250.00,125,100
924,,1155,125.00,250.00,125,100
925,,1155,125.00,250.00,125,100
926,,1155,125.00,250.00,125,100
927,,1155,125.00,250.00,125,100
928,,1155,125.00,250.00,125,100
929,,1155,125.00,250.00,125,100
930,,1155,125.00,250.00,125,100
931,,1155,125.00,250.00,125,100
932,,1155,125.00,250.00,125,100
933,,1155,125.00,250.00,125,100
934,,1155,125.00,250.00,125,100
935,,1155,125.00,250.00,125,100
936,,1155,125.00,250.00,125,100
937,,1155,125.00,250.00,125,100
938,,1155,125.00,250.00,125,100
939,,1155,125.00,250.00,125,100
940,,1155,125.00,250.00,125,100
941,,1155,125.00,250.00,125,100
942,,1155,125.00,250.00,125,100
943,,1155,125.00,250.00,125,100
944,,1155,125.00,250.00,125,100
945,,1155,125.00,250.00,125,100
946,,1155,125.00,250.00,125,100
947,,1155,125.00,250.00,125,100
948,,1155,125.00,250.00,125,100
949,,1155,125.00,250.00,125,100
950,,1155,125.00,250.00,125,100
951,,1155,125.00,250.00,125,100
952,,1155,125.00,250.00,125,100
953,,1155,125.00,250.00,125,100
954,,1155,125.00,250.00,125,100
955,,1155,125.00,250.00,125,100
956,,1155,125.00,250.00,125,100
957,,1155,125.00,250.00,125,100
958,,1155,125.00,250.00,125,100
959,,1155,125.00,250.00,125,100
960,,1155,125.00,250.00,125,100
961,,1155,125.00,250.00,125,100
962,,1155,125.00,250.00,125,100
963,,1155,125.00,250.00,125,100
964,,1155,125.00,250.00,125,100
965,,1155,125.00,250.00,125,100
966,,1155,125.00,250.00,125,100
967,,1155,125.00,250.00,125,100
968,,1155,125.00,250.00,125,100
969,,1155,125.00,250.00,125,100
970,,1155,125.00,250.00,125,100
971,,1155,125.00,250.00,125,100
972,,1155,125.00,250.00,125,100
973,,1155,125.00,250.00,125,100
974,,1155,125.00,250.00,125,100
975,,1155,125.00,250.00,125,100
976,,1155,125.00,250.00,125,100
977,,1155,125.00,250.00,125,100
978,,1155,125.00,250.00,125,100
979,,1155,125.00,250.00,125,100
980,,1155,125.00,250.00,125,100
981,,1155,125.00,250.00,125,100
982,,1155,125.00,250.00,125,100
983,,1155,125.00,250.00,125,100
984,,1155,125.00,250.00,125,100
985,,1155,125.00,250.00,125,100
986,,1155,125.00,250.00,125,100
987,,1155,125.00,250.00,125,100
988,,1155,125.00,250.00,125,100
989,,1155,125.00,250.00,125,100
990,,1155,125.00,250.00,125,100
991,,1155,125.00,250.00,125,100
992,,1155,125.00,250.00,125,100
993,,1155,125.00,250.00,125,100
994,,1155,125.00,250.00,125,100
995,,1155,125.00,250.00,125,100
996,,1155,125.00,250.00,125,100
997,,1155,125.00,250.00,125,100
998,,1155,125.00,250.00,125,100
999,,1155,125.00,250.00,125,100
1000,,1155,125.00,250.00,125,100
1001,,1155,125.00,250.00,125,100
1002,,1155,125.00,250.00,125,100
1003,,1155,125.00,250.00,125,100
1004,,1155,125.00,250.00,125,100
1005,,1155,125.00,250.00,125,100
1006,,1155,125.00,250.00,125,100
1007,,1155,125.00,250.00,125,100
1008,,1155,125.00,250.00,125,100
1009,,1155,125.00,250.00,125,100
1010,,1155,125.00,250.00,125,100
1011,,1155,125.00,250.00,125,100
1012,,1155,125.00,250.00,125,100
1013,,1155,125.00,250.00,125,100
1014,,1155,125.00,250.00,125,100
1015,,1155,125.00,250.00,125,100
1016,,1155,125.00,250.00,125,100
1017,,1155,125.00,250.00,125,100
1018,,1155,125.00,250.00,125,100
1019,,1155,125.00,250.00,125,100
1020,,1155,125.00,250.00,125,100
1021,,1155,125.00,250.00,125,100
1022,,1155,125.00,250.00,125,100
1023,,1155,125.00,250.00,125,100
1024,,1155,125.00,250.00,125,100
1025,,1155,125.00,250.00,125,100
1026,,1155,125.00,250.00,125,100
1027,,1155,125.00,250.00,125,100
1028,,1155,125.00,250.00,125,100
1029,,1155,125.00,250.00,125,100
1030,,1155,125.00,250.00,125,100
1031,,1155,125.00,250.00,125,100
1032,,1155,125.00,250.00,125,100
1033,,1155,125.00,250.00,125,100
1034,,1155,125.00,250.00,125,100
1035,,1155,125.00,250.00,125,100
1036,,1155,125.00,250.00,125,100
1037,,1155,125.00,250.00,125,100
1038,,1155,125.00,250.00,125,100
1039,,1155,125.00,250.00,125,100
1040,,1155,125.00,250.00,125,100
1041,,1155,125.00,250.00,125,100
1042,,1155,125.00,250.00,125,100
1043,,1155,125.00,250.00,125,100
1044,,1155,125.00,250.00,125,100
1045,,1155,125.00,250.00,125,100
1046,,1155,125.00,250.00,125,100
1047,,1155,125.00,250.00,125,100
1048,,1155,125.00,250.00,125,100
1049,,1155,125.00,250.00,125,100
1050,,1155,125.00,250.00,125,100
1051,,1155,125.00,250.00,125,100
1052,,1155,125.00,250.00,125,100
1053,,1155,125.00,250.00,125,100
1054,,1155,125.00,250.00,125,100
1055,,1155,125.00,250.00,125,100
1056,,1155,125.00,250.00,125,100
1057,,1155,125.00,250.00,125,100
1058,,1155,125.00,250.00,125,100
1059,,1155,125.00,250.00,125,100
1060,,1155,125.00,250.00,125,100
1061,,1155,125.00,250.00,125,100
1062,,1155,125.00,250.00,125,100
1063,,1155,125.00,250.00,125,100
1064,,1155,125.00,250.00,125,100
1065,,1155,125.00,250.00,125,100
1066,,1155,125.00,250.00,125,100
1067,,1155,125.00,250.00,125,100
1068,,1155,125.00,250.00,125,100
1069,,1155,125.00,250.00,125,100
1070,,1155,125.00,250.00,125,100
1071,,1155,125.00,250.00,125,100
1072,,1155,125.00,250.00,125,100
1073,,1155,125.00,250.00,125,100
1074,,1155,125.00,250.00,125,100
1075,,1155,125.00,250.00,125,100
1076,,1155,125.00,250.00,125,100
1077,,1155,125.00,250.00,125,100
1078,,1155,125.00,250.00,125,100
1079,,1155,125.00,250.00,125,100
1080,,1155,125.00,250.00,125,100
1081,,1155,125.00,250.00,125,100
1082,,1155,125.00,250.00,125,100
1083,,1155,125.00,250.00,125,100
1084,,1155,125.00,250.00,125,100
1085,,1155,125.00,250.00,125,100
1086,,1155,125.00,250.00,125,100
1087,,1155,125.00,250.00,125,100
1088,,1155,125.00,250.00,125,100
1089,,1155,125.00,250.00,125,100
1090,,1155,125.00,250.00,125,100
1091,,1155,125.00,250.00,125,100
1092,,1155,125.00,250.00,125,100
1093,,1155,125.00,250.00,125,100
1094,,1155,125.00,250.00,125,100
1095,,1155,125.00,250.00,125,100
1096,,1155,125.00,250.00,125,100
1097,,1155,125.00,250.00,125,100
1098,,1155,125.00,250.00,125,100
1099,,1155,125.00,250.00,125,100
1100,,1155,125.00,250.00,125,100
1101,,1155,125.00,250.00,125,100
1102,,1155,125.00,250.00,125,100
1103,,1155,125.00,250.00,125,100
1104,,1155,125.00,250.00,125,100
1105,,1155,125.00,250.00,125,100
1106,,1155,125.00,250.00,125,100
1107,,1155,125.00,250.00,125,100
1108,,1155,476.50,600.00,123.5,25.9181532004197272
1109,,1155,1888.00,2000.00,112,5.9322033898305085
1110,,1155,390.00,500.00,110,28.2051282051282051
1111,tui,22,90.00,200.00,110,122.2222222222222222
1112,,1155,24.25,125.00,100.75,415.4639175257731959
1113,,1155,150.00,250.00,100,66.6666666666666667
1114,,1155,150.00,250.00,100,66.6666666666666667
1115,,1155,25.00,125.00,100,400
1116,,1155,100.00,200.00,100,100
1117,tui,22,300.00,400.00,100,33.3333333333333333
1118,,1155,150.00,250.00,100,66.6666666666666667
1119,,1155,400.00,500.00,100,25
1120,,1155,150.00,250.00,100,66.6666666666666667
1121,tui,22,100.00,200.00,100,100
1122,tui,22,100.00,200.00,100,100
1123,,1155,200.00,300.00,100,50
1124,,1155,100.00,200.00,100,100
1125,,1155,300.00,400.00,100,33.3333333333333333
1126,,1155,150.00,250.00,100,66.6666666666666667
1127,,1155,200.00,300.00,100,50
1128,,1155,150.00,250.00,100,66.6666666666666667
1129,,1155,150.00,250.00,100,66.6666666666666667
1130,,1155,150.00,250.00,100,66.6666666666666667
1131,,1155,25.00,125.00,100,400
1132,kiribati,13,100.00,200.00,100,100
1133,,1155,25.00,125.00,100,400
1134,,1155,1100.00,1200.00,100,9.0909090909090909
1135,,1155,400.00,500.00,100,25
1136,,1155,150.00,250.00,100,66.6666666666666667
1137,,1155,300.00,400.00,100,33.3333333333333333
1138,,1155,500.00,600.00,100,20
1139,,1155,500.00,600.00,100,20
1140,,1155,150.00,250.00,100,66.6666666666666667
1141,,1155,150.00,250.00,100,66.6666666666666667
1142,,1155,26.00,125.00,99,380.7692307692307692
1143,,1155,28.00,125.00,97,346.4285714285714286
1144,,1155,515.00,600.00,85,16.5048543689320388
1145,,1155,520.00,600.00,80,15.3846153846153846
1146,,1155,48.01,125.00,76.99,160.3624244948968965
1147,,1155,50.00,125.00,75,150
1148,tui,22,50.00,125.00,75,150
1149,,1155,50.00,125.00,75,150
1150,,1155,50.00,125.00,75,150
1151,,1155,50.00,125.00,75,150
1152,,1155,60.00,125.00,65,108.3333333333333333
1153,,1155,187.00,250.00,63,33.6898395721925134
1154,,1155,190.00,250.00,60,31.5789473684210526
1155,,1155,200.00,250.00,50,25
1156,,1155,75.00,125.00,50,66.6666666666666667
1157,,1155,200.00,250.00,50,25
1158,,1155,250.00,300.00,50,20
1159,,1155,200.00,250.00,50,25
1160,,1155,200.00,250.00,50,25
1161,,1155,200.00,250.00,50,25
1162,,1155,75.00,125.00,50,66.6666666666666667
1163,,1155,200.00,250.00,50,25
1164,,1155,200.00,250.00,50,25
1165,,1155,75.00,125.00,50,66.6666666666666667
1166,,1155,200.00,250.00,50,25
1167,,1155,75.00,125.00,50,66.6666666666666667
1168,,1155,550.00,600.00,50,9.0909090909090909
1169,,1155,1150.00,1200.00,50,4.3478260869565217
1170,,1155,200.00,250.00,50,25
1171,,1155,200.00,250.00,50,25
1172,,1155,200.00,250.00,50,25
1173,tui,22,75.00,125.00,50,66.6666666666666667
1174,,1155,90.00,125.00,35,38.8888888888888889
1175,,1155,95.00,125.00,30,31.5789473684210526
1176,,1155,99.00,125.00,26,26.2626262626262626
1177,,1155,100.00,125.00,25,25
1178,,1155,225.00,250.00,25,11.1111111111111111
1179,,1155,225.00,250.00,25,11.1111111111111111
1180,tui,22,375.00,400.00,25,6.6666666666666667
1181,,1155,225.00,250.00,25,11.1111111111111111
1182,,1155,577.00,600.00,23,3.9861351819757366
1183,,1155,479.00,500.00,21,4.384133611691023
1184,,1155,230.00,250.00,20,8.6956521739130435
1185,,1155,231.30,250.00,18.7,8.0847384349329875
1186,,1155,239.00,250.00,11,4.602510460251046
1187,,1155,299.00,300.00,1,0.33444816053511705686
1188,,1155,1199.50,1200.00,0.5,0.04168403501458941226
1189,,1155,599.97,600.00,0.03,0.00500025001250062503
1190,,1155,599.99,600.00,0.01,0.00166669444490741512
